Date,Children apprehended and placed in CBP custody*,Children in CBP custody,Children transferred out of CBP custody,Children in HHS Care,Children discharged from HHS Care,Total_System_Load,Net_Intake,Growth_Rate,Backlog,Rolling_7D_Load
2023-01-12,33.0,53.0,34.0,6566.0,436.0,6619.0,-402.0,,-402.0,
2023-01-22,32.0,49.0,39.0,7122.0,227.0,7171.0,-188.0,8.339628342649942,-590.0,
2023-01-23,32.0,50.0,39.0,7280.0,181.0,7330.0,-142.0,2.2172639799191263,-732.0,
2023-01-24,47.0,42.0,47.0,7433.0,175.0,7475.0,-128.0,1.9781718963165051,-860.0,
2023-01-25,20.0,22.0,41.0,7538.0,180.0,7560.0,-139.0,1.1371237458194017,-999.0,
2023-01-29,23.0,45.0,11.0,7472.0,303.0,7517.0,-292.0,-0.5687830687830742,-1291.0,
2023-01-30,34.0,54.0,29.0,7743.0,196.0,7797.0,-167.0,3.7248902487694524,-1458.0,7352.714285714285
2023-01-31,26.0,36.0,36.0,7803.0,158.0,7839.0,-122.0,0.538668718737978,-1580.0,7527.0
2023-02-01,25.0,32.0,27.0,7903.0,231.0,7935.0,-204.0,1.2246460007653948,-1784.0,7636.142857142857
2023-02-02,15.0,13.0,23.0,7879.0,298.0,7892.0,-275.0,-0.5419029615627013,-2059.0,7716.428571428572
2023-02-05,16.0,18.0,15.0,7586.0,342.0,7604.0,-327.0,-3.6492650785605707,-2386.0,7734.857142857143
2023-02-06,11.0,22.0,12.0,7720.0,196.0,7742.0,-184.0,1.8148342977380327,-2570.0,7760.857142857143
2023-02-07,16.0,20.0,20.0,7855.0,200.0,7875.0,-180.0,1.7179023508137492,-2750.0,7812.0
2023-02-08,93.0,196.0,169.0,7915.0,317.0,8111.0,-148.0,2.9968253968253977,-2898.0,7856.857142857143
2023-02-09,124.0,234.0,161.0,7908.0,353.0,8142.0,-192.0,0.3821970163974786,-3090.0,7900.142857142857
2023-02-12,92.0,203.0,173.0,7434.0,317.0,7637.0,-144.0,-6.202407270940801,-3234.0,7857.571428571428
2023-02-13,186.0,259.0,172.0,7483.0,244.0,7742.0,-72.0,1.3748854262144894,-3306.0,7836.142857142857
2023-02-14,154.0,225.0,220.0,7794.0,223.0,8019.0,-3.0,3.577886850942913,-3309.0,7895.428571428572
2023-02-15,91.0,199.0,172.0,7869.0,290.0,8068.0,-118.0,0.6110487591969083,-3427.0,7942.0
2023-02-16,81.0,213.0,153.0,7793.0,361.0,8006.0,-208.0,-0.7684680218145723,-3635.0,7960.714285714285
2023-02-20,209.0,285.0,184.0,7817.0,209.0,8102.0,-25.0,1.1991006744941357,-3660.0,7959.428571428572
2023-02-21,184.0,314.0,217.0,7967.0,213.0,8281.0,4.0,2.209331029375461,-3656.0,7979.285714285715
2023-02-22,107.0,215.0,230.0,7978.0,232.0,8193.0,-2.0,-1.0626735901461126,-3658.0,8058.714285714285
2023-02-23,101.0,162.0,178.0,7914.0,386.0,8076.0,-208.0,-1.42804833394361,-3866.0,8106.428571428572
2023-02-26,99.0,190.0,176.0,7609.0,323.0,7799.0,-147.0,-3.42991579990094,-4013.0,8075.0
2023-02-27,167.0,239.0,166.0,7800.0,248.0,8039.0,-82.0,3.077317604821128,-4095.0,8070.857142857143
2023-02-28,115.0,216.0,169.0,7896.0,200.0,8112.0,-31.0,0.9080731434258027,-4126.0,8086.0
2023-03-01,84.0,158.0,193.0,7930.0,307.0,8088.0,-114.0,-0.295857988165682,-4240.0,8084.0
2023-03-02,130.0,227.0,192.0,7870.0,335.0,8097.0,-143.0,0.1112759643916883,-4383.0,8057.714285714285
2023-03-07,88.0,214.0,160.0,7859.0,259.0,8073.0,-99.0,-0.2964060763245624,-4482.0,8040.571428571428
2023-03-08,113.0,208.0,159.0,7885.0,291.0,8093.0,-132.0,0.24773937817414993,-4614.0,8043.0
2023-03-09,174.0,285.0,150.0,7786.0,340.0,8071.0,-190.0,-0.27183986160880247,-4804.0,8081.857142857143
2023-03-13,104.0,230.0,206.0,7567.0,249.0,7797.0,-43.0,-3.3948705240986254,-4847.0,8047.285714285715
2023-03-14,147.0,276.0,214.0,7810.0,181.0,8086.0,33.0,3.70655380274465,-4814.0,8043.571428571428
2023-03-15,108.0,220.0,213.0,7915.0,286.0,8135.0,-73.0,0.6059856542171671,-4887.0,8050.285714285715
2023-03-16,180.0,280.0,146.0,7989.0,308.0,8269.0,-162.0,1.647203441917644,-5049.0,8074.857142857143
2023-03-19,134.0,294.0,186.0,7885.0,306.0,8179.0,-120.0,-1.0884024670455905,-5169.0,8090.0
2023-03-20,202.0,313.0,158.0,7931.0,279.0,8244.0,-121.0,0.7947181807066883,-5290.0,8111.571428571428
2023-03-21,110.0,272.0,193.0,8050.0,221.0,8322.0,-28.0,0.9461426491994107,-5318.0,8147.428571428572
2023-03-22,166.0,277.0,229.0,8097.0,246.0,8374.0,-17.0,0.6248497957221932,-5335.0,8229.857142857143
2023-03-23,136.0,276.0,178.0,8102.0,331.0,8378.0,-153.0,0.04776689754000252,-5488.0,8271.57142857143
2023-03-26,87.0,246.0,173.0,7847.0,352.0,8093.0,-179.0,-3.4017665313917367,-5667.0,8265.57142857143
2023-03-27,84.0,171.0,157.0,7994.0,235.0,8165.0,-78.0,0.8896577289015273,-5745.0,8250.714285714286
2023-03-28,167.0,209.0,157.0,8079.0,223.0,8288.0,-66.0,1.5064298836497292,-5811.0,8266.285714285714
2023-03-29,109.0,245.0,159.0,8208.0,267.0,8453.0,-108.0,1.9908301158301223,-5919.0,8296.142857142857
2023-03-30,156.0,256.0,176.0,8158.0,359.0,8414.0,-183.0,-0.4613746598840618,-6102.0,8309.285714285714
2023-04-02,125.0,232.0,192.0,7981.0,304.0,8213.0,-112.0,-2.388875683384839,-6214.0,8286.285714285714
2023-04-03,118.0,139.0,168.0,8054.0,284.0,8193.0,-116.0,-0.24351637647631597,-6330.0,8259.857142857143
2023-04-04,142.0,235.0,139.0,8068.0,259.0,8303.0,-120.0,1.3426095447333086,-6450.0,8289.857142857143
2023-04-05,148.0,245.0,175.0,8175.0,260.0,8420.0,-85.0,1.4091292303986425,-6535.0,8326.285714285714
2023-04-06,119.0,219.0,210.0,8178.0,284.0,8397.0,-74.0,-0.2731591448931092,-6609.0,8341.857142857143
2023-04-09,105.0,210.0,149.0,7900.0,329.0,8110.0,-180.0,-3.4178873407169186,-6789.0,8292.857142857143
2023-04-10,143.0,203.0,163.0,7826.0,265.0,8029.0,-102.0,-0.998766954377317,-6891.0,8237.857142857143
2023-04-11,119.0,209.0,152.0,7922.0,187.0,8131.0,-35.0,1.2703948187819059,-6926.0,8226.142857142857
2023-04-12,155.0,212.0,181.0,7876.0,283.0,8088.0,-102.0,-0.5288402410527637,-7028.0,8211.142857142857
2023-04-13,109.0,214.0,173.0,7795.0,370.0,8009.0,-197.0,-0.97675568743818,-7225.0,8169.142857142857
2023-04-16,191.0,283.0,192.0,7380.0,272.0,7663.0,-80.0,-4.320139842676984,-7305.0,8061.0
2023-04-17,170.0,297.0,196.0,7344.0,248.0,7641.0,-52.0,-0.2870938274827095,-7357.0,7953.0
2023-04-18,152.0,272.0,214.0,7376.0,234.0,7648.0,-20.0,0.0916110456746555,-7377.0,7887.0
2023-04-19,239.0,367.0,224.0,7356.0,229.0,7723.0,-5.0,0.9806485355648542,-7382.0,7843.285714285715
2023-04-20,113.0,280.0,237.0,7490.0,320.0,7770.0,-83.0,0.6085717985238936,-7465.0,7791.714285714285
2023-04-23,196.0,306.0,187.0,7534.0,266.0,7840.0,-79.0,0.9009009009008917,-7544.0,7756.285714285715
2023-04-24,236.0,330.0,222.0,7796.0,213.0,8126.0,9.0,3.647959183673466,-7535.0,7773.0
2023-04-25,81.0,230.0,242.0,8017.0,202.0,8247.0,40.0,1.4890475018459304,-7495.0,7856.428571428572
2023-04-26,118.0,245.0,160.0,8117.0,256.0,8362.0,-96.0,1.3944464653813604,-7591.0,7959.428571428572
2023-04-27,218.0,283.0,208.0,8159.0,310.0,8442.0,-102.0,0.9567089213107005,-7693.0,8072.857142857143
2023-04-30,132.0,243.0,183.0,8352.0,293.0,8595.0,-110.0,1.8123667377398789,-7803.0,8197.42857142857
2023-05-01,224.0,315.0,152.0,8492.0,237.0,8807.0,-85.0,2.4665503199534644,-7888.0,8345.57142857143
2023-05-02,167.0,326.0,213.0,8654.0,245.0,8980.0,-32.0,1.964346542522999,-7920.0,8508.42857142857
2023-05-03,209.0,353.0,232.0,8704.0,267.0,9057.0,-35.0,0.8574610244988845,-7955.0,8641.42857142857
2023-05-04,153.0,253.0,286.0,8790.0,332.0,9043.0,-46.0,-0.15457657060836683,-8001.0,8755.142857142857
2023-05-07,180.0,337.0,219.0,8485.0,375.0,8822.0,-156.0,-2.4438792436138446,-8157.0,8820.857142857143
2023-05-08,133.0,287.0,189.0,8590.0,261.0,8877.0,-72.0,0.6234413965087171,-8229.0,8883.0
2023-05-09,187.0,310.0,247.0,8606.0,250.0,8916.0,-3.0,0.4393376140588101,-8232.0,8928.857142857143
2023-05-10,168.0,285.0,210.0,8681.0,304.0,8966.0,-94.0,0.56078959174517,-8326.0,8951.57142857143
2023-05-11,269.0,412.0,204.0,8672.0,392.0,9084.0,-188.0,1.3160829801472262,-8514.0,8966.42857142857
2023-05-14,100.0,255.0,236.0,8445.0,288.0,8700.0,-52.0,-4.227212681638049,-8566.0,8915.42857142857
2023-05-15,205.0,294.0,177.0,8571.0,277.0,8865.0,-100.0,1.8965517241379404,-8666.0,8890.0
2023-05-16,161.0,304.0,211.0,8572.0,272.0,8876.0,-61.0,0.12408347433727762,-8727.0,8897.714285714286
2023-05-17,57.0,162.0,193.0,8569.0,307.0,8731.0,-114.0,-1.6336187471834185,-8841.0,8876.857142857143
2023-05-18,80.0,122.0,152.0,8474.0,351.0,8596.0,-199.0,-1.5462146374985664,-9040.0,8831.142857142857
2023-05-21,107.0,170.0,133.0,7826.0,343.0,7996.0,-210.0,-6.979990693345739,-9250.0,8692.57142857143
2023-05-22,99.0,156.0,139.0,7848.0,240.0,8004.0,-101.0,0.10005002501249916,-9351.0,8538.285714285714
2023-05-23,25.0,66.0,94.0,7788.0,246.0,7854.0,-152.0,-1.874062968515744,-9503.0,8417.42857142857
2023-05-24,35.0,70.0,53.0,7709.0,276.0,7779.0,-223.0,-0.9549274255156615,-9726.0,8262.285714285714
2023-05-25,43.0,73.0,64.0,7546.0,408.0,7619.0,-344.0,-2.056819642627583,-10070.0,8082.714285714285
2023-05-29,41.0,60.0,71.0,6996.0,207.0,7056.0,-136.0,-7.389421183882394,-10206.0,7843.428571428572
2023-05-30,65.0,83.0,65.0,7046.0,168.0,7129.0,-103.0,1.0345804988662222,-10309.0,7633.857142857143
2023-05-31,38.0,80.0,82.0,7053.0,210.0,7133.0,-128.0,0.05610885117126596,-10437.0,7510.571428571428
2023-06-01,56.0,82.0,68.0,7002.0,287.0,7084.0,-219.0,-0.6869479882237517,-10656.0,7379.142857142857
2023-06-04,74.0,103.0,80.0,6555.0,292.0,6658.0,-212.0,-6.013551665725581,-10868.0,7208.285714285715
2023-06-05,68.0,107.0,102.0,6523.0,189.0,6630.0,-87.0,-0.4205467107239458,-10955.0,7044.142857142857
2023-06-06,92.0,124.0,93.0,6508.0,187.0,6632.0,-94.0,0.030165912518853588,-11049.0,6903.142857142857
2023-06-07,113.0,162.0,107.0,6483.0,208.0,6645.0,-101.0,0.19601930036188264,-11150.0,6844.428571428572
2023-06-08,106.0,196.0,131.0,6446.0,255.0,6642.0,-124.0,-0.04514672686229959,-11274.0,6774.857142857143
2023-06-11,86.0,152.0,168.0,6007.0,238.0,6159.0,-70.0,-7.271906052393861,-11344.0,6635.714285714285
2023-06-12,84.0,118.0,136.0,6021.0,177.0,6139.0,-41.0,-0.32472804026627555,-11385.0,6500.714285714285
2023-06-13,59.0,64.0,117.0,6061.0,146.0,6125.0,-29.0,-0.22805017103763037,-11414.0,6424.571428571428
2023-06-14,62.0,97.0,52.0,6065.0,167.0,6162.0,-115.0,0.604081632653064,-11529.0,6357.714285714285
2023-06-15,91.0,75.0,97.0,6038.0,272.0,6113.0,-175.0,-0.7951963648166194,-11704.0,6283.571428571428
2023-06-19,29.0,51.0,11.0,5679.0,142.0,5730.0,-131.0,-6.265336168820546,-11835.0,6152.857142857143
2023-06-20,33.0,53.0,34.0,5904.0,134.0,5957.0,-100.0,3.961605584642225,-11935.0,6055.0
2023-06-21,93.0,196.0,169.0,5922.0,149.0,6118.0,20.0,2.7027027027026973,-11915.0,6049.142857142857
2023-06-22,124.0,234.0,161.0,5956.0,207.0,6190.0,-46.0,1.1768551814318462,-11961.0,6056.428571428572
2023-06-25,92.0,203.0,173.0,5766.0,263.0,5969.0,-90.0,-3.5702746365104954,-12051.0,6034.142857142857
2023-06-26,186.0,259.0,172.0,5819.0,174.0,6078.0,-2.0,1.8261015245434775,-12053.0,6022.142857142857
2023-06-27,154.0,225.0,220.0,5917.0,155.0,6142.0,65.0,1.0529779532741035,-11988.0,6026.285714285715
2023-06-28,91.0,199.0,172.0,5999.0,174.0,6198.0,-2.0,0.9117551286226044,-11990.0,6093.142857142857
2023-06-29,81.0,213.0,153.0,6058.0,213.0,6271.0,-60.0,1.177799290093584,-12050.0,6138.0
2023-07-02,209.0,285.0,184.0,5903.0,309.0,6188.0,-125.0,-1.3235528623823933,-12175.0,6148.0
2023-07-04,184.0,314.0,217.0,6127.0,124.0,6441.0,93.0,4.088558500323214,-12082.0,6183.857142857143
2023-07-05,107.0,215.0,230.0,6193.0,167.0,6408.0,63.0,-0.5123428039124356,-12019.0,6246.571428571428
2023-07-06,101.0,162.0,178.0,6239.0,205.0,6401.0,-27.0,-0.10923845193507864,-12046.0,6292.714285714285
2023-07-09,99.0,190.0,176.0,6214.0,196.0,6404.0,-20.0,0.04686767692547722,-12066.0,6330.142857142857
2023-07-10,167.0,239.0,166.0,6346.0,163.0,6585.0,3.0,2.826358525921302,-12063.0,6385.428571428572
2023-07-11,115.0,216.0,169.0,6498.0,143.0,6714.0,26.0,1.9589977220956678,-12037.0,6448.714285714285
2023-07-12,84.0,158.0,193.0,6521.0,210.0,6679.0,-17.0,-0.5212987786714307,-12054.0,6518.857142857143
2023-07-13,130.0,227.0,192.0,6604.0,226.0,6831.0,-34.0,2.2757897888905587,-12088.0,6574.571428571428
2023-07-16,88.0,214.0,160.0,6468.0,218.0,6682.0,-58.0,-2.1812326160152273,-12146.0,6613.714285714285
2023-07-17,113.0,208.0,159.0,6632.0,160.0,6840.0,-1.0,2.3645615085303717,-12147.0,6676.428571428572
2023-07-18,174.0,285.0,150.0,6874.0,181.0,7159.0,-31.0,4.66374269005847,-12178.0,6784.285714285715
2023-07-19,104.0,230.0,206.0,7001.0,226.0,7231.0,-20.0,1.005727056851513,-12198.0,6876.571428571428
2023-07-20,147.0,276.0,214.0,7116.0,281.0,7392.0,-67.0,2.2265246853823806,-12265.0,6973.428571428572
2023-07-23,108.0,220.0,213.0,7052.0,276.0,7272.0,-63.0,-1.6233766233766267,-12328.0,7058.142857142857
2023-07-24,180.0,280.0,146.0,7220.0,187.0,7500.0,-41.0,3.1353135313531455,-12369.0,7153.714285714285
2023-07-25,134.0,294.0,186.0,7510.0,136.0,7804.0,50.0,4.053333333333331,-12319.0,7314.0
2023-07-26,202.0,313.0,158.0,7647.0,215.0,7960.0,-57.0,1.9989748846745314,-12376.0,7474.0
2023-07-27,110.0,272.0,193.0,7754.0,259.0,8026.0,-66.0,0.8291457286432102,-12442.0,7597.857142857143
2023-07-30,166.0,277.0,229.0,7671.0,305.0,7948.0,-76.0,-0.9718415150759996,-12518.0,7700.285714285715
2023-07-31,136.0,276.0,178.0,7800.0,220.0,8076.0,-42.0,1.610468042274782,-12560.0,7798.0
2023-08-01,87.0,246.0,173.0,8103.0,168.0,8349.0,5.0,3.3803863298662806,-12555.0,7951.857142857143
2023-08-02,84.0,171.0,157.0,8261.0,271.0,8432.0,-114.0,0.9941310336567311,-12669.0,8085.0
2023-08-03,167.0,209.0,157.0,8294.0,339.0,8503.0,-182.0,0.8420303605312984,-12851.0,8184.857142857143
2023-08-06,109.0,245.0,159.0,8298.0,322.0,8543.0,-163.0,0.4704222039280337,-13014.0,8268.142857142857
2023-08-07,156.0,256.0,176.0,8493.0,202.0,8749.0,-26.0,2.4113309141987616,-13040.0,8371.42857142857
2023-08-08,125.0,232.0,192.0,8725.0,207.0,8957.0,-15.0,2.3774145616641817,-13055.0,8515.57142857143
2023-08-09,118.0,139.0,168.0,8888.0,251.0,9027.0,-83.0,0.7815116668527411,-13138.0,8651.42857142857
2023-08-10,142.0,235.0,139.0,8914.0,353.0,9149.0,-214.0,1.3515010523983628,-13352.0,8765.714285714286
2023-08-16,148.0,245.0,175.0,9634.0,288.0,9879.0,-113.0,7.979014099901627,-13465.0,8972.42857142857
2023-08-17,119.0,219.0,210.0,9694.0,407.0,9913.0,-197.0,0.34416438910820357,-13662.0,9173.857142857143
2023-08-20,105.0,210.0,149.0,9483.0,390.0,9693.0,-241.0,-2.219307979420959,-13903.0,9338.142857142857
2023-08-21,143.0,203.0,163.0,9668.0,281.0,9871.0,-118.0,1.8363767667388897,-14021.0,9498.42857142857
2023-08-22,119.0,209.0,152.0,9921.0,230.0,10130.0,-78.0,2.623847634484844,-14099.0,9666.0
2023-08-23,155.0,212.0,181.0,10071.0,285.0,10283.0,-104.0,1.5103652517275412,-14203.0,9845.42857142857
2023-08-24,109.0,214.0,173.0,10026.0,443.0,10240.0,-270.0,-0.41816590489156535,-14473.0,10001.285714285714
2023-08-27,191.0,283.0,192.0,9873.0,488.0,10156.0,-296.0,-0.8203124999999978,-14769.0,10040.857142857143
2023-08-28,170.0,297.0,196.0,10012.0,388.0,10309.0,-192.0,1.5064986215045373,-14961.0,10097.42857142857
2023-08-29,152.0,272.0,214.0,10180.0,286.0,10452.0,-72.0,1.387137452711218,-15033.0,10205.857142857143
2023-08-30,239.0,367.0,224.0,10280.0,366.0,10647.0,-142.0,1.8656716417910557,-15175.0,10316.714285714286
2023-08-31,113.0,280.0,237.0,10140.0,505.0,10420.0,-268.0,-2.1320559782098236,-15443.0,10358.142857142857
2023-09-04,196.0,306.0,187.0,9988.0,293.0,10294.0,-106.0,-1.2092130518234212,-15549.0,10359.714285714286
2023-09-05,236.0,330.0,222.0,10142.0,243.0,10472.0,-21.0,1.7291626190013565,-15570.0,10392.857142857143
2023-09-06,81.0,230.0,242.0,10356.0,291.0,10586.0,-49.0,1.0886172650878434,-15619.0,10454.285714285714
2023-09-07,118.0,245.0,160.0,10419.0,398.0,10664.0,-238.0,0.7368222180238027,-15857.0,10505.0
2023-09-10,218.0,283.0,208.0,10282.0,382.0,10565.0,-174.0,-0.9283570892723136,-16031.0,10521.142857142857
2023-09-11,132.0,243.0,183.0,10492.0,277.0,10735.0,-94.0,1.6090866067203002,-16125.0,10533.714285714286
2023-09-12,224.0,315.0,152.0,10649.0,316.0,10964.0,-164.0,2.133209129017244,-16289.0,10611.42857142857
2023-09-13,167.0,326.0,213.0,10678.0,343.0,11004.0,-130.0,0.36483035388543694,-16419.0,10712.857142857143
2023-09-14,209.0,353.0,232.0,10837.0,414.0,11190.0,-182.0,1.6902944383860419,-16601.0,10815.42857142857
2023-09-17,153.0,253.0,286.0,10799.0,427.0,11052.0,-141.0,-1.2332439678284235,-16742.0,10882.0
2023-09-18,180.0,337.0,219.0,10892.0,313.0,11229.0,-94.0,1.601520086862096,-16836.0,10962.714285714286
2023-09-19,133.0,287.0,189.0,11095.0,260.0,11382.0,-71.0,1.362543414373496,-16907.0,11079.42857142857
2023-09-20,187.0,310.0,247.0,11064.0,364.0,11374.0,-117.0,-0.07028641714988959,-17024.0,11170.714285714286
2023-09-21,168.0,285.0,210.0,11067.0,428.0,11352.0,-218.0,-0.19342359767892114,-17242.0,11226.142857142857
2023-09-24,269.0,412.0,204.0,10744.0,403.0,11156.0,-199.0,-1.7265680056377741,-17441.0,11247.857142857143
2023-09-25,100.0,255.0,236.0,10842.0,284.0,11097.0,-48.0,-0.5288633918967389,-17489.0,11234.57142857143
2023-09-26,205.0,294.0,177.0,10978.0,332.0,11272.0,-155.0,1.5770027935477993,-17644.0,11266.0
2023-09-27,161.0,304.0,211.0,11017.0,331.0,11321.0,-120.0,0.434705464868701,-17764.0,11279.142857142857
2023-09-28,57.0,162.0,193.0,10984.0,447.0,11146.0,-254.0,-1.545799841003448,-18018.0,11245.42857142857
2023-10-01,80.0,122.0,152.0,10598.0,493.0,10720.0,-341.0,-3.8219989233805873,-18359.0,11152.0
2023-10-02,107.0,170.0,133.0,10724.0,284.0,10894.0,-151.0,1.6231343283582111,-18510.0,11086.57142857143
2023-10-03,99.0,156.0,139.0,10818.0,287.0,10974.0,-148.0,0.7343491830365423,-18658.0,11060.57142857143
2023-10-04,25.0,66.0,94.0,10963.0,330.0,11029.0,-236.0,0.5011846181884438,-18894.0,11050.857142857143
2023-10-05,35.0,70.0,53.0,11130.0,427.0,11200.0,-374.0,1.5504578837610028,-19268.0,11040.57142857143
2023-10-09,43.0,73.0,64.0,10815.0,282.0,10888.0,-218.0,-2.7857142857142803,-19486.0,10978.714285714286
2023-10-10,41.0,60.0,71.0,10910.0,257.0,10970.0,-186.0,0.7531227038942045,-19672.0,10953.57142857143
2023-10-11,65.0,83.0,65.0,10960.0,266.0,11043.0,-201.0,0.6654512306289773,-19873.0,10999.714285714286
2023-10-12,38.0,80.0,82.0,10992.0,398.0,11072.0,-316.0,0.2626097980621189,-20189.0,11025.142857142857
2023-10-15,56.0,82.0,68.0,10571.0,434.0,10653.0,-366.0,-3.7843208092485536,-20555.0,10979.285714285714
2023-10-16,74.0,103.0,80.0,10629.0,331.0,10732.0,-251.0,0.7415751431521622,-20806.0,10936.857142857143
2023-10-17,68.0,107.0,102.0,10630.0,315.0,10737.0,-213.0,0.04658963846440045,-21019.0,10870.714285714286
2023-10-18,92.0,124.0,93.0,10511.0,393.0,10635.0,-300.0,-0.9499860296172113,-21319.0,10834.57142857143
2023-10-19,113.0,162.0,107.0,10319.0,406.0,10481.0,-299.0,-1.4480488951574944,-21618.0,10764.714285714286
2023-10-22,106.0,196.0,131.0,9506.0,454.0,9702.0,-323.0,-7.432496899150842,-21941.0,10573.142857142857
2023-10-23,86.0,152.0,168.0,9436.0,327.0,9588.0,-159.0,-1.1750154607297447,-22100.0,10361.142857142857
2023-10-24,84.0,118.0,136.0,9396.0,300.0,9514.0,-164.0,-0.7717980809345049,-22264.0,10198.42857142857
2023-10-25,59.0,64.0,117.0,9351.0,293.0,9415.0,-176.0,-1.0405717889426125,-22440.0,10010.285714285714
2023-10-26,62.0,97.0,52.0,9235.0,390.0,9332.0,-338.0,-0.8815719596388716,-22778.0,9809.57142857143
2023-10-29,91.0,75.0,97.0,8925.0,418.0,9000.0,-321.0,-3.557651093013292,-23099.0,9576.0
2023-10-30,29.0,51.0,11.0,9026.0,278.0,9077.0,-267.0,0.855555555555565,-23366.0,9375.42857142857
2023-10-31,33.0,53.0,34.0,9072.0,295.0,9125.0,-261.0,0.5288090778891696,-23627.0,9293.0
2023-11-01,132.0,235.0,197.0,9250.0,279.0,9485.0,-82.0,3.945205479452052,-23709.0,9278.285714285714
2023-11-02,174.0,208.0,256.0,9442.0,330.0,9650.0,-74.0,1.7395888244596813,-23783.0,9297.714285714286
2023-11-05,123.0,230.0,167.0,9273.0,370.0,9503.0,-203.0,-1.523316062176161,-23986.0,9310.285714285714
2023-11-06,123.0,233.0,159.0,9286.0,316.0,9519.0,-157.0,0.1683678838261704,-24143.0,9337.0
2023-11-07,141.0,232.0,188.0,9483.0,231.0,9715.0,-43.0,2.0590398151066225,-24186.0,9439.142857142857
2023-11-08,158.0,226.0,191.0,9634.0,310.0,9860.0,-119.0,1.4925373134328401,-24305.0,9551.0
2023-11-12,96.0,160.0,233.0,9477.0,313.0,9637.0,-80.0,-2.2616632860040564,-24385.0,9624.142857142857
2023-11-13,141.0,173.0,129.0,9510.0,287.0,9683.0,-158.0,0.4773269689737569,-24543.0,9652.42857142857
2023-11-14,116.0,181.0,182.0,9665.0,247.0,9846.0,-65.0,1.6833625942373143,-24608.0,9680.42857142857
2023-11-15,150.0,157.0,201.0,9762.0,316.0,9919.0,-115.0,0.7414178346536682,-24723.0,9739.857142857143
2023-11-16,80.0,176.0,125.0,9762.0,374.0,9938.0,-249.0,0.191551567698367,-24972.0,9799.714285714286
2023-11-19,116.0,188.0,164.0,9573.0,435.0,9761.0,-271.0,-1.7810424632722865,-25243.0,9806.285714285714
2023-11-20,105.0,185.0,158.0,9638.0,298.0,9823.0,-140.0,0.635180821637138,-25383.0,9801.0
2023-11-21,136.0,246.0,123.0,9804.0,250.0,10050.0,-127.0,2.310902982795482,-25510.0,9860.0
2023-11-23,128.0,228.0,177.0,9838.0,283.0,10066.0,-106.0,0.1592039800994982,-25616.0,9914.714285714286
2023-11-26,90.0,196.0,205.0,9845.0,312.0,10041.0,-107.0,-0.24836081859725967,-25723.0,9942.57142857143
2023-11-27,56.0,82.0,68.0,10123.0,214.0,10205.0,-146.0,1.6333034558311033,-25869.0,9983.42857142857
2023-11-28,74.0,103.0,80.0,10223.0,223.0,10326.0,-143.0,1.185693287604117,-26012.0,10038.857142857143
2023-11-29,68.0,107.0,102.0,10398.0,284.0,10505.0,-182.0,1.73348828200659,-26194.0,10145.142857142857
2023-11-30,92.0,124.0,93.0,10536.0,320.0,10660.0,-227.0,1.47548786292242,-26421.0,10264.714285714286
2023-12-03,132.0,235.0,197.0,10579.0,417.0,10814.0,-220.0,1.4446529080675452,-26641.0,10373.857142857143
2023-12-04,174.0,208.0,256.0,10635.0,273.0,10843.0,-17.0,0.2681708895875712,-26658.0,10484.857142857143
2023-12-05,123.0,230.0,167.0,10761.0,261.0,10991.0,-94.0,1.364935903347786,-26752.0,10620.57142857143
2023-12-06,123.0,233.0,159.0,10832.0,376.0,11065.0,-217.0,0.6732781366572738,-26969.0,10743.42857142857
2023-12-07,141.0,232.0,188.0,10897.0,466.0,11129.0,-278.0,0.5784003615002309,-27247.0,10858.142857142857
2023-12-10,158.0,226.0,191.0,10871.0,411.0,11097.0,-220.0,-0.2875370653248277,-27467.0,10942.714285714286
2023-12-11,96.0,160.0,233.0,10998.0,304.0,11158.0,-71.0,0.5496981166080994,-27538.0,11013.857142857143
2023-12-12,141.0,173.0,129.0,11077.0,259.0,11250.0,-130.0,0.8245205233912811,-27668.0,11076.142857142857
2023-12-13,116.0,181.0,182.0,11192.0,335.0,11373.0,-153.0,1.093333333333324,-27821.0,11151.857142857143
2023-12-14,150.0,157.0,201.0,11242.0,396.0,11399.0,-195.0,0.2286116240218128,-28016.0,11210.142857142857
2023-12-17,80.0,176.0,125.0,11092.0,456.0,11268.0,-331.0,-1.149223616106676,-28347.0,11239.142857142857
2023-12-18,116.0,188.0,164.0,11149.0,364.0,11337.0,-200.0,0.6123535676251235,-28547.0,11268.857142857143
2023-12-19,105.0,185.0,158.0,11291.0,272.0,11476.0,-114.0,1.2260739172620605,-28661.0,11323.0
2023-12-20,136.0,246.0,123.0,11516.0,390.0,11762.0,-267.0,2.492157546183349,-28928.0,11409.285714285714
2023-12-21,128.0,228.0,177.0,11375.0,497.0,11603.0,-320.0,-1.3518109165107983,-29248.0,11459.714285714286
2023-12-25,90.0,196.0,205.0,11144.0,347.0,11340.0,-142.0,-2.266655175385679,-29390.0,11455.0
2023-12-26,56.0,82.0,68.0,11217.0,288.0,11299.0,-220.0,-0.36155202821869237,-29610.0,11440.714285714286
2023-12-27,74.0,103.0,80.0,11206.0,335.0,11309.0,-255.0,0.08850340738117968,-29865.0,11446.57142857143
2023-12-28,68.0,107.0,102.0,11230.0,357.0,11337.0,-255.0,0.2475904147139385,-30120.0,11446.57142857143
2024-01-01,92.0,124.0,93.0,10870.0,290.0,10994.0,-197.0,-3.0254917526682523,-30317.0,11377.714285714286
2024-01-02,113.0,162.0,107.0,10770.0,316.0,10932.0,-209.0,-0.5639439694378745,-30526.0,11259.142857142857
2024-01-03,106.0,196.0,131.0,10718.0,263.0,10914.0,-132.0,-0.16465422612513825,-30658.0,11160.714285714286
2024-01-04,86.0,152.0,168.0,10558.0,362.0,10710.0,-194.0,-1.869158878504673,-30852.0,11070.714285714286
2024-01-07,84.0,118.0,136.0,9670.0,367.0,9788.0,-231.0,-8.608776844070965,-31083.0,10854.857142857143
2024-01-08,59.0,64.0,117.0,9670.0,367.0,9734.0,-250.0,-0.5516959542296695,-31333.0,10629.857142857143
2024-01-09,62.0,97.0,52.0,9311.0,286.0,9408.0,-234.0,-3.3490856790630796,-31567.0,10354.285714285714
2024-01-10,91.0,75.0,97.0,9144.0,349.0,9219.0,-252.0,-2.00892857142857,-31819.0,10100.714285714286
2024-01-11,29.0,51.0,11.0,8829.0,476.0,8880.0,-465.0,-3.6771884152294154,-32284.0,9807.57142857143
2024-01-15,33.0,53.0,34.0,8033.0,234.0,8086.0,-200.0,-8.941441441441444,-32484.0,9403.57142857143
2024-01-16,32.0,49.0,39.0,8133.0,188.0,8182.0,-149.0,1.187237200098945,-32633.0,9042.42857142857
2024-01-17,80.0,176.0,125.0,8072.0,353.0,8248.0,-228.0,0.8066487411390932,-32861.0,8822.42857142857
2024-01-18,116.0,188.0,164.0,8042.0,359.0,8230.0,-195.0,-0.21823472356935492,-33056.0,8607.57142857143
2024-01-21,105.0,185.0,158.0,7974.0,371.0,8159.0,-213.0,-0.8626974483596617,-33269.0,8429.142857142857
2024-01-22,136.0,246.0,123.0,8008.0,222.0,8254.0,-99.0,1.164358377252106,-33368.0,8291.285714285714
2024-01-23,128.0,228.0,177.0,8133.0,202.0,8361.0,-25.0,1.296341167918591,-33393.0,8217.142857142857
2024-01-24,90.0,196.0,205.0,8212.0,243.0,8408.0,-38.0,0.5621337160626627,-33431.0,8263.142857142857
2024-01-25,102.0,189.0,155.0,8180.0,293.0,8369.0,-138.0,-0.4638439581351128,-33569.0,8289.857142857143
2024-01-28,120.0,257.0,126.0,8004.0,307.0,8261.0,-181.0,-1.2904767594694722,-33750.0,8291.714285714286
2024-01-29,137.0,272.0,166.0,8057.0,195.0,8329.0,-29.0,0.8231448977121358,-33779.0,8305.857142857143
2024-01-30,93.0,198.0,208.0,8182.0,187.0,8380.0,21.0,0.6123184055708997,-33758.0,8337.42857142857
2024-01-31,203.0,477.0,258.0,8153.0,266.0,8630.0,-8.0,2.9832935560859086,-33766.0,8391.142857142857
2024-02-01,222.0,459.0,289.0,8026.0,337.0,8485.0,-48.0,-1.6801853997682525,-33814.0,8408.857142857143
2024-02-04,253.0,531.0,248.0,7813.0,342.0,8344.0,-94.0,-1.6617560400707165,-33908.0,8399.714285714286
2024-02-05,157.0,466.0,345.0,7872.0,242.0,8338.0,103.0,-0.07190795781399917,-33805.0,8395.285714285714
2024-02-06,291.0,455.0,323.0,8045.0,178.0,8500.0,145.0,1.9429119692971897,-33660.0,8429.42857142857
2024-02-07,227.0,453.0,330.0,8160.0,222.0,8613.0,108.0,1.32941176470589,-33552.0,8470.0
2024-02-08,298.0,499.0,358.0,8188.0,315.0,8687.0,43.0,0.8591663764077495,-33509.0,8513.857142857143
2024-02-11,205.0,515.0,226.0,8056.0,347.0,8571.0,-121.0,-1.3353286520087493,-33630.0,8505.42857142857
2024-02-12,213.0,430.0,440.0,8092.0,234.0,8522.0,206.0,-0.5716952514292384,-33424.0,8510.714285714286
2024-02-13,227.0,369.0,349.0,8348.0,160.0,8717.0,189.0,2.2881952593287957,-33235.0,8564.0
2024-02-14,185.0,322.0,272.0,8512.0,230.0,8834.0,42.0,1.3422048870024073,-33193.0,8634.857142857143
2024-02-15,333.0,508.0,272.0,8463.0,312.0,8971.0,-40.0,1.5508263527280963,-33233.0,8702.142857142857
2024-02-19,249.0,420.0,371.0,8380.0,218.0,8800.0,153.0,-1.9061420131535,-33080.0,8728.857142857143
2024-02-20,149.0,395.0,273.0,8488.0,192.0,8883.0,81.0,0.9431818181818263,-32999.0,8756.857142857143
2024-02-21,232.0,430.0,318.0,8573.0,231.0,9003.0,87.0,1.3508949679162496,-32912.0,8818.57142857143
2024-02-22,165.0,400.0,292.0,8607.0,293.0,9007.0,-1.0,0.04442963456625648,-32913.0,8887.857142857143
2024-02-25,244.0,482.0,366.0,8404.0,329.0,8886.0,37.0,-1.3433995781059194,-32876.0,8912.0
2024-02-26,199.0,438.0,326.0,8404.0,329.0,8842.0,-3.0,-0.4951609273013746,-32879.0,8913.142857142857
2024-02-27,197.0,369.0,306.0,8650.0,206.0,9019.0,100.0,2.0018095453517404,-32779.0,8920.0
2024-02-28,209.0,447.0,274.0,8699.0,257.0,9146.0,17.0,1.4081383745426335,-32762.0,8969.42857142857
2024-02-29,262.0,444.0,354.0,8724.0,299.0,9168.0,55.0,0.2405423135797058,-32707.0,9010.142857142857
2024-03-03,236.0,468.0,347.0,8594.0,354.0,9062.0,-7.0,-1.1561954624781823,-32714.0,9018.57142857143
2024-03-04,225.0,509.0,340.0,8660.0,229.0,9169.0,111.0,1.1807548002648494,-32603.0,9041.714285714286
2024-03-05,246.0,472.0,345.0,8800.0,214.0,9272.0,131.0,1.12335041989311,-32472.0,9096.857142857143
2024-03-06,230.0,457.0,277.0,8870.0,232.0,9327.0,45.0,0.5931837791199213,-32427.0,9166.142857142857
2024-03-07,181.0,424.0,328.0,8902.0,305.0,9326.0,23.0,-0.010721561059290341,-32404.0,9210.0
2024-03-10,190.0,368.0,326.0,8714.0,373.0,9082.0,-47.0,-2.6163414111087246,-32451.0,9200.857142857143
2024-03-11,178.0,336.0,290.0,8757.0,253.0,9093.0,37.0,0.12111869632238648,-32414.0,9190.142857142857
2024-03-12,154.0,294.0,290.0,8843.0,213.0,9137.0,77.0,0.4838887055977015,-32337.0,9200.857142857143
2024-03-13,165.0,358.0,167.0,8819.0,239.0,9177.0,-72.0,0.43778045310276514,-32409.0,9202.0
2024-03-14,166.0,301.0,252.0,8695.0,310.0,8996.0,-58.0,-1.9723221096218824,-32467.0,9162.57142857143
2024-03-17,127.0,260.0,259.0,8373.0,342.0,8633.0,-83.0,-4.035126722987991,-32550.0,9063.42857142857
2024-03-18,123.0,243.0,188.0,8333.0,283.0,8576.0,-95.0,-0.6602571527858259,-32645.0,8956.285714285714
2024-03-19,99.0,202.0,256.0,8390.0,197.0,8592.0,59.0,0.1865671641791078,-32586.0,8886.285714285714
2024-03-20,91.0,181.0,174.0,8365.0,227.0,8546.0,-53.0,-0.5353817504655467,-32639.0,8808.142857142857
2024-03-21,132.0,261.0,141.0,8292.0,235.0,8553.0,-94.0,0.08190966534051825,-32733.0,8724.714285714286
2024-03-24,124.0,264.0,221.0,7899.0,373.0,8163.0,-152.0,-4.559803577692034,-32885.0,8579.857142857143
2024-03-25,128.0,242.0,224.0,7899.0,229.0,8141.0,-5.0,-0.26950875903466454,-32890.0,8457.714285714286
2024-03-26,187.0,276.0,200.0,7919.0,208.0,8195.0,-8.0,0.6633091757769272,-32898.0,8395.142857142857
2024-03-27,129.0,287.0,185.0,7893.0,215.0,8180.0,-30.0,-0.18303843807199183,-32928.0,8338.57142857143
2024-03-28,161.0,288.0,248.0,7762.0,360.0,8050.0,-112.0,-1.58924205378973,-33040.0,8261.142857142857
2024-03-31,105.0,254.0,151.0,7257.0,287.0,7511.0,-136.0,-6.695652173913047,-33176.0,8113.285714285715
2024-04-01,109.0,235.0,171.0,7271.0,172.0,7506.0,-1.0,-0.06656903208627218,-33177.0,7963.714285714285
2024-04-02,101.0,230.0,175.0,7340.0,132.0,7570.0,43.0,0.8526512123634422,-33134.0,7879.0
2024-04-03,124.0,230.0,190.0,7346.0,163.0,7576.0,27.0,0.07926023778070945,-33107.0,7798.285714285715
2024-04-04,95.0,226.0,152.0,7317.0,225.0,7543.0,-73.0,-0.4355860612460405,-33180.0,7705.142857142857
2024-04-07,106.0,239.0,233.0,6982.0,279.0,7221.0,-46.0,-4.268858544345755,-33226.0,7568.142857142857
2024-04-08,102.0,230.0,167.0,6988.0,199.0,7218.0,-32.0,-0.041545492314087884,-33258.0,7449.285714285715
2024-04-09,118.0,231.0,217.0,7043.0,130.0,7274.0,87.0,0.775838182321964,-33171.0,7415.428571428572
2024-04-10,117.0,244.0,142.0,6999.0,227.0,7243.0,-85.0,-0.42617541930162206,-33256.0,7377.857142857143
2024-04-11,183.0,221.0,220.0,6912.0,285.0,7133.0,-65.0,-1.518707717796497,-33321.0,7315.428571428572
2024-04-14,128.0,245.0,243.0,6630.0,290.0,6875.0,-47.0,-3.6169914481985144,-33368.0,7215.285714285715
2024-04-15,144.0,303.0,176.0,6681.0,191.0,6984.0,-15.0,1.5854545454545566,-33383.0,7135.428571428572
2024-04-16,219.0,392.0,205.0,6685.0,163.0,7077.0,42.0,1.3316151202749094,-33341.0,7114.857142857143
2024-04-17,182.0,371.0,274.0,6725.0,227.0,7096.0,47.0,0.2684753426593245,-33294.0,7097.428571428572
2024-04-18,144.0,322.0,258.0,6728.0,260.0,7050.0,-2.0,-0.6482525366403591,-33296.0,7065.428571428572
2024-04-21,208.0,380.0,343.0,6745.0,240.0,7125.0,103.0,1.0638297872340496,-33193.0,7048.571428571428
2024-04-22,176.0,424.0,251.0,6799.0,214.0,7223.0,37.0,1.3754385964912297,-33156.0,7061.428571428572
2024-04-23,252.0,427.0,307.0,6967.0,134.0,7394.0,173.0,2.367437352900459,-32983.0,7135.571428571428
2024-04-24,253.0,411.0,307.0,7128.0,154.0,7539.0,153.0,1.9610494995942584,-32830.0,7214.857142857143
2024-04-25,145.0,357.0,333.0,7209.0,217.0,7566.0,116.0,0.35813768404298063,-32714.0,7284.714285714285
2024-04-28,158.0,349.0,365.0,7298.0,250.0,7647.0,115.0,1.0705789056304482,-32599.0,7363.428571428572
2024-04-29,140.0,292.0,255.0,7373.0,187.0,7665.0,68.0,0.23538642604943316,-32531.0,7451.285714285715
2024-04-30,220.0,443.0,194.0,7431.0,135.0,7874.0,59.0,2.726679712981084,-32472.0,7558.285714285715
2024-05-01,197.0,437.0,295.0,7508.0,190.0,7945.0,105.0,0.9017018034036095,-32367.0,7661.428571428572
2024-05-02,206.0,411.0,293.0,7577.0,194.0,7988.0,99.0,0.5412208936437901,-32268.0,7746.285714285715
2024-05-05,150.0,315.0,228.0,7447.0,332.0,7762.0,-104.0,-2.829243865798703,-32372.0,7778.142857142857
2024-05-06,173.0,337.0,211.0,7449.0,205.0,7786.0,6.0,0.30919866013914277,-32366.0,7809.571428571428
2024-05-07,176.0,334.0,246.0,7566.0,163.0,7900.0,83.0,1.4641664526072518,-32283.0,7845.714285714285
2024-05-08,167.0,374.0,205.0,7583.0,202.0,7957.0,3.0,0.7215189873417627,-32280.0,7887.428571428572
2024-05-09,138.0,285.0,268.0,7570.0,244.0,7855.0,24.0,-1.2818901596078902,-32256.0,7884.714285714285
2024-05-12,138.0,301.0,263.0,7464.0,245.0,7765.0,18.0,-1.145767027371103,-32238.0,7859.0
2024-05-13,112.0,331.0,167.0,7499.0,157.0,7830.0,10.0,0.8370895041854398,-32228.0,7836.428571428572
2024-05-14,246.0,419.0,218.0,7546.0,186.0,7965.0,32.0,1.724137931034475,-32196.0,7865.428571428572
2024-05-15,115.0,285.0,341.0,7589.0,265.0,7874.0,76.0,-1.1424984306340202,-32120.0,7878.0
2024-05-16,206.0,340.0,214.0,7565.0,234.0,7905.0,-20.0,0.3937007874015741,-32140.0,7878.714285714285
2024-05-19,143.0,295.0,278.0,7356.0,298.0,7651.0,-20.0,-3.2131562302340266,-32160.0,7835.0
2024-05-20,111.0,268.0,217.0,7368.0,192.0,7636.0,25.0,-0.19605280355509125,-32135.0,7803.714285714285
2024-05-21,196.0,348.0,176.0,7404.0,145.0,7752.0,31.0,1.5191199580932402,-32104.0,7801.857142857143
2024-05-22,168.0,349.0,272.0,7474.0,208.0,7823.0,64.0,0.9158926728586092,-32040.0,7800.857142857143
2024-05-23,193.0,272.0,314.0,7494.0,227.0,7766.0,87.0,-0.7286207337338646,-31953.0,7772.428571428572
2024-05-27,156.0,344.0,252.0,7365.0,167.0,7709.0,85.0,-0.7339685809940821,-31868.0,7748.857142857143
2024-05-28,153.0,348.0,239.0,7418.0,151.0,7766.0,88.0,0.7393955117395157,-31780.0,7729.0
2024-05-29,182.0,462.0,158.0,7491.0,141.0,7953.0,17.0,2.4079320113314484,-31763.0,7772.142857142857
2024-05-30,167.0,406.0,339.0,7563.0,190.0,7969.0,149.0,0.20118194392053645,-31614.0,7819.714285714285
2024-06-02,159.0,330.0,322.0,7546.0,306.0,7876.0,16.0,-1.1670222110678918,-31598.0,7837.428571428572
2024-06-03,109.0,244.0,257.0,7596.0,224.0,7840.0,33.0,-0.45708481462671813,-31565.0,7839.857142857143
2024-06-04,260.0,356.0,176.0,7565.0,203.0,7921.0,-27.0,1.033163265306114,-31592.0,7862.0
2024-06-05,173.0,345.0,291.0,7691.0,198.0,8036.0,93.0,1.4518368892816547,-31499.0,7908.714285714285
2024-06-06,179.0,326.0,282.0,7741.0,238.0,8067.0,44.0,0.3857640617222602,-31455.0,7951.714285714285
2024-06-09,116.0,289.0,166.0,7451.0,312.0,7740.0,-146.0,-4.0535515061361105,-31601.0,7921.285714285715
2024-06-10,184.0,334.0,229.0,7439.0,212.0,7773.0,17.0,0.426356589147292,-31584.0,7893.285714285715
2024-06-11,186.0,352.0,224.0,7493.0,156.0,7845.0,68.0,0.9262832883056626,-31516.0,7888.857142857143
2024-06-12,152.0,266.0,274.0,7548.0,212.0,7814.0,62.0,-0.39515615041427754,-31454.0,7885.142857142857
2024-06-13,167.0,293.0,230.0,7544.0,259.0,7837.0,-29.0,0.2943434860506855,-31483.0,7873.142857142857
2024-06-16,204.0,315.0,233.0,7307.0,294.0,7622.0,-61.0,-2.7433967079239507,-31544.0,7814.0
2024-06-17,159.0,310.0,272.0,7318.0,224.0,7628.0,48.0,0.07871949619522312,-31496.0,7751.285714285715
2024-06-18,160.0,297.0,253.0,7340.0,214.0,7637.0,39.0,0.11798636601991763,-31457.0,7736.571428571428
2024-06-19,204.0,321.0,246.0,7433.0,198.0,7754.0,48.0,1.5320151892104228,-31409.0,7733.857142857143
2024-06-20,145.0,247.0,243.0,7431.0,235.0,7678.0,8.0,-0.9801392829507316,-31401.0,7710.0
2024-06-23,102.0,227.0,201.0,7247.0,294.0,7474.0,-93.0,-2.6569419119562343,-31494.0,7661.428571428572
2024-06-24,116.0,175.0,172.0,7239.0,202.0,7414.0,-30.0,-0.8027829810008047,-31524.0,7601.0
2024-06-25,172.0,263.0,191.0,7239.0,202.0,7502.0,-11.0,1.1869436201780381,-31535.0,7583.857142857143
2024-06-26,132.0,235.0,197.0,7268.0,187.0,7503.0,10.0,0.013329778725679198,-31525.0,7566.0
2024-06-27,174.0,208.0,256.0,7248.0,268.0,7456.0,-12.0,-0.6264161002265789,-31537.0,7540.142857142857
2024-06-30,123.0,230.0,167.0,6874.0,273.0,7104.0,-106.0,-4.72103004291845,-31643.0,7447.285714285715
2024-07-01,123.0,233.0,159.0,6825.0,229.0,7058.0,-70.0,-0.6475225225225256,-31713.0,7358.714285714285
2024-07-02,141.0,232.0,188.0,6823.0,184.0,7055.0,4.0,-0.042504958911870894,-31709.0,7298.857142857143
2024-07-04,158.0,226.0,191.0,6790.0,225.0,7016.0,-34.0,-0.5527994330262187,-31743.0,7242.0
2024-07-07,96.0,160.0,233.0,6599.0,213.0,6759.0,20.0,-3.6630558722919093,-31723.0,7135.857142857143
2024-07-08,141.0,173.0,129.0,6617.0,123.0,6790.0,6.0,0.458647728953987,-31717.0,7034.0
2024-07-09,116.0,181.0,182.0,6651.0,130.0,6832.0,52.0,0.6185567010309256,-31665.0,6944.857142857143
2024-07-10,150.0,157.0,201.0,6649.0,177.0,6806.0,24.0,-0.38056206088993294,-31641.0,6902.285714285715
2024-07-11,80.0,176.0,125.0,6640.0,197.0,6816.0,-72.0,0.1469291801351691,-31713.0,6867.714285714285
2024-07-14,116.0,188.0,164.0,6308.0,237.0,6496.0,-73.0,-4.694835680751175,-31786.0,6787.857142857143
2024-07-15,105.0,185.0,158.0,6283.0,171.0,6468.0,-13.0,-0.4310344827586188,-31799.0,6709.571428571428
2024-07-16,136.0,246.0,123.0,6239.0,173.0,6485.0,-50.0,0.26283240568953925,-31849.0,6670.428571428572
2024-07-17,128.0,228.0,177.0,6228.0,187.0,6456.0,-10.0,-0.44718581341557373,-31859.0,6622.714285714285
2024-07-21,90.0,196.0,205.0,6058.0,262.0,6254.0,-57.0,-3.1288723667905805,-31916.0,6540.142857142857
2024-07-22,102.0,189.0,155.0,6002.0,234.0,6191.0,-79.0,-1.0073552926127327,-31995.0,6452.285714285715
2024-07-23,120.0,257.0,126.0,5965.0,170.0,6222.0,-44.0,0.500726861573253,-32039.0,6367.428571428572
2024-07-24,137.0,272.0,166.0,5927.0,177.0,6199.0,-11.0,-0.3696560591449738,-32050.0,6325.0
2024-07-25,93.0,198.0,208.0,5954.0,194.0,6152.0,14.0,-0.7581868043232798,-32036.0,6279.857142857143
2024-07-28,152.0,290.0,199.0,5743.0,207.0,6033.0,-8.0,-1.934330299089726,-32044.0,6215.285714285715
2024-07-29,114.0,210.0,219.0,5819.0,163.0,6029.0,56.0,-0.06630200563566557,-31988.0,6154.285714285715
2024-07-30,125.0,203.0,208.0,5930.0,92.0,6133.0,116.0,1.724995853375355,-31872.0,6137.0
2024-07-31,140.0,261.0,163.0,5963.0,154.0,6224.0,9.0,1.4837762921897868,-31863.0,6141.714285714285
2024-08-01,227.0,298.0,212.0,6016.0,169.0,6314.0,43.0,1.4460154241645151,-31820.0,6154.857142857143
2024-08-04,63.0,167.0,143.0,5943.0,170.0,6110.0,-27.0,-3.230915426037373,-31847.0,6142.142857142857
2024-08-05,172.0,259.0,138.0,5950.0,150.0,6209.0,-12.0,1.6202945990180018,-31859.0,6150.285714285715
2024-08-06,163.0,283.0,200.0,5998.0,143.0,6281.0,57.0,1.1596070220647459,-31802.0,6185.714285714285
2024-08-07,135.0,273.0,207.0,6038.0,174.0,6311.0,33.0,0.4776309504855858,-31769.0,6226.0
2024-08-08,119.0,230.0,213.0,6084.0,174.0,6314.0,39.0,0.04753604816987167,-31730.0,6251.857142857143
2024-08-11,95.0,211.0,140.0,5894.0,249.0,6105.0,-109.0,-3.3101045296167197,-31839.0,6234.857142857143
2024-08-12,109.0,219.0,155.0,5903.0,148.0,6122.0,7.0,0.27846027846027965,-31832.0,6207.428571428572
2024-08-13,162.0,239.0,189.0,5981.0,123.0,6220.0,66.0,1.6007840574975507,-31766.0,6223.142857142857
2024-08-14,109.0,226.0,191.0,5987.0,178.0,6213.0,13.0,-0.11254019292604722,-31753.0,6223.714285714285
2024-08-15,124.0,241.0,156.0,5895.0,220.0,6136.0,-64.0,-1.2393368742958266,-31817.0,6203.0
2024-08-18,86.0,244.0,235.0,5821.0,178.0,6065.0,57.0,-1.1571056062581464,-31760.0,6167.857142857143
2024-08-19,176.0,254.0,162.0,5865.0,158.0,6119.0,4.0,0.8903544929925733,-31756.0,6140.0
2024-08-20,136.0,274.0,245.0,5995.0,112.0,6269.0,133.0,2.45138094459878,-31623.0,6163.428571428572
2024-08-21,134.0,245.0,167.0,6028.0,156.0,6273.0,11.0,0.06380602966979954,-31612.0,6185.0
2024-08-22,182.0,307.0,205.0,6054.0,171.0,6361.0,34.0,1.4028375577873398,-31578.0,6205.142857142857
2024-08-27,149.0,285.0,222.0,6152.0,97.0,6437.0,125.0,1.1947806948592987,-31453.0,6237.142857142857
2024-08-28,170.0,285.0,178.0,6227.0,134.0,6512.0,44.0,1.1651390399254336,-31409.0,6290.857142857143
2024-08-29,145.0,295.0,188.0,6250.0,169.0,6545.0,19.0,0.5067567567567544,-31390.0,6359.428571428572
2024-09-02,133.0,270.0,198.0,6192.0,129.0,6462.0,69.0,-1.268143621084794,-31321.0,6408.428571428572
2024-09-03,131.0,263.0,177.0,6272.0,112.0,6535.0,65.0,1.1296812132466805,-31256.0,6446.428571428572
2024-09-04,121.0,231.0,219.0,6375.0,114.0,6606.0,105.0,1.0864575363427775,-31151.0,6494.0
2024-09-05,126.0,230.0,175.0,6448.0,121.0,6678.0,54.0,1.089918256130784,-31097.0,6539.285714285715
2024-09-08,123.0,255.0,164.0,6312.0,221.0,6567.0,-57.0,-1.6621743036837389,-31154.0,6557.857142857143
2024-09-09,144.0,275.0,190.0,6353.0,141.0,6628.0,49.0,0.928886858535094,-31105.0,6574.428571428572
2024-09-10,131.0,251.0,180.0,6396.0,148.0,6647.0,32.0,0.28666264333132574,-31073.0,6589.0
2024-09-11,93.0,248.0,175.0,6410.0,162.0,6658.0,13.0,0.16548819016097838,-31060.0,6617.0
2024-09-12,184.0,280.0,210.0,6360.0,220.0,6640.0,-10.0,-0.270351456893958,-31070.0,6632.0
2024-09-13,81.0,200.0,212.0,6326.0,279.0,6526.0,-67.0,-1.7168674698795128,-31137.0,6620.571428571428
2024-09-15,98.0,220.0,167.0,6234.0,210.0,6454.0,-43.0,-1.1032791909285966,-31180.0,6588.571428571428
2024-09-16,113.0,209.0,160.0,6229.0,164.0,6438.0,-4.0,-0.24790827393864623,-31184.0,6570.142857142857
2024-09-17,159.0,304.0,139.0,6227.0,160.0,6531.0,-21.0,1.4445479962721386,-31205.0,6556.285714285715
2024-09-18,116.0,213.0,217.0,6245.0,149.0,6458.0,68.0,-1.1177461338233052,-31137.0,6529.285714285715
2024-09-19,93.0,196.0,169.0,6270.0,188.0,6466.0,-19.0,0.12387736141219463,-31156.0,6501.857142857143
2024-09-22,124.0,234.0,161.0,5989.0,197.0,6223.0,-36.0,-3.7581193937519353,-31192.0,6442.285714285715
2024-09-23,92.0,203.0,173.0,6002.0,165.0,6205.0,8.0,-0.28924955809095376,-31184.0,6396.428571428572
2024-09-24,186.0,259.0,172.0,6023.0,143.0,6282.0,29.0,1.2409347300563978,-31155.0,6371.857142857143
2024-09-25,154.0,225.0,220.0,6050.0,169.0,6275.0,51.0,-0.11142948105699046,-31104.0,6348.571428571428
2024-09-26,91.0,199.0,172.0,6090.0,185.0,6289.0,-13.0,0.223107569721126,-31117.0,6314.0
2024-09-29,81.0,213.0,153.0,5925.0,177.0,6138.0,-24.0,-2.401017649864845,-31141.0,6268.285714285715
2024-09-30,209.0,285.0,184.0,5967.0,138.0,6252.0,46.0,1.8572825024437911,-31095.0,6237.714285714285
2024-10-01,184.0,314.0,217.0,6040.0,137.0,6354.0,80.0,1.6314779270633295,-31015.0,6256.428571428572
2024-10-02,107.0,215.0,230.0,6091.0,173.0,6306.0,57.0,-0.7554296506137814,-30958.0,6270.857142857143
2024-10-03,101.0,162.0,178.0,6118.0,193.0,6280.0,-15.0,-0.4123057405645447,-30973.0,6270.571428571428
2024-10-07,99.0,190.0,176.0,5968.0,153.0,6158.0,23.0,-1.942675159235674,-30950.0,6253.857142857143
2024-10-08,167.0,239.0,166.0,6013.0,123.0,6252.0,43.0,1.5264696329977179,-30907.0,6248.571428571428
2024-10-09,115.0,216.0,169.0,6047.0,137.0,6263.0,32.0,0.175943698016634,-30875.0,6266.428571428572
2024-10-10,84.0,158.0,193.0,6075.0,159.0,6233.0,34.0,-0.4790036723614888,-30841.0,6263.714285714285
2024-10-13,130.0,227.0,192.0,5889.0,210.0,6116.0,-18.0,-1.8771057275790204,-30859.0,6229.714285714285
2024-10-14,88.0,214.0,160.0,5935.0,106.0,6149.0,54.0,0.5395683453237377,-30805.0,6207.285714285715
2024-10-15,113.0,208.0,159.0,6013.0,107.0,6221.0,52.0,1.170922101154659,-30753.0,6198.857142857143
2024-10-16,174.0,285.0,150.0,6036.0,129.0,6321.0,21.0,1.6074586079408482,-30732.0,6222.142857142857
2024-10-17,104.0,230.0,206.0,6076.0,160.0,6306.0,46.0,-0.23730422401518902,-30686.0,6229.857142857143
2024-10-20,147.0,276.0,214.0,5918.0,195.0,6194.0,19.0,-1.776086267047261,-30667.0,6220.0
2024-10-21,108.0,220.0,213.0,5966.0,154.0,6186.0,59.0,-0.12915724895059544,-30608.0,6213.285714285715
2024-10-22,180.0,280.0,146.0,6043.0,109.0,6323.0,37.0,2.2146783058519137,-30571.0,6242.857142857143
2024-10-23,134.0,294.0,186.0,6077.0,138.0,6371.0,48.0,0.7591333227898067,-30523.0,6274.571428571428
2024-10-27,202.0,313.0,158.0,5974.0,192.0,6287.0,-34.0,-1.318474336838804,-30557.0,6284.0
2024-10-28,110.0,272.0,193.0,6008.0,156.0,6280.0,37.0,-0.11134086209638738,-30520.0,6278.142857142857
2024-10-29,166.0,277.0,229.0,6106.0,126.0,6383.0,103.0,1.6401273885350287,-30417.0,6289.142857142857
2024-10-30,136.0,276.0,178.0,6149.0,160.0,6425.0,18.0,0.6579978066739711,-30399.0,6322.142857142857
2024-10-31,87.0,246.0,173.0,6148.0,177.0,6394.0,-4.0,-0.4824902723735369,-30403.0,6351.857142857143
2024-11-03,84.0,171.0,157.0,5990.0,184.0,6161.0,-27.0,-3.6440412887081663,-30430.0,6328.714285714285
2024-11-04,167.0,209.0,157.0,6007.0,132.0,6216.0,25.0,0.8927122220418804,-30405.0,6306.571428571428
2024-11-05,109.0,245.0,159.0,6045.0,126.0,6290.0,33.0,1.1904761904761862,-30372.0,6307.0
2024-11-06,156.0,256.0,176.0,6086.0,137.0,6342.0,39.0,0.8267090620031725,-30333.0,6315.857142857143
2024-11-07,125.0,232.0,192.0,6084.0,177.0,6316.0,15.0,-0.40996531062755803,-30318.0,6306.285714285715
2024-11-11,118.0,139.0,168.0,5963.0,145.0,6102.0,23.0,-3.3882203926535737,-30295.0,6260.142857142857
2024-11-12,142.0,235.0,139.0,5975.0,138.0,6210.0,1.0,1.7699115044247815,-30294.0,6233.857142857143
2024-11-13,148.0,245.0,175.0,5966.0,151.0,6211.0,24.0,0.016103059581329404,-30270.0,6241.0
2024-11-14,119.0,219.0,210.0,6025.0,172.0,6244.0,38.0,0.5313154081468374,-30232.0,6245.0
2024-11-17,105.0,210.0,149.0,5816.0,195.0,6026.0,-46.0,-3.49135169762973,-30278.0,6207.285714285715
2024-11-18,143.0,203.0,163.0,5819.0,138.0,6022.0,25.0,-0.06637902422834685,-30253.0,6161.571428571428
2024-11-19,119.0,209.0,152.0,5844.0,146.0,6053.0,6.0,0.5147791431418192,-30247.0,6124.0
2024-11-20,155.0,212.0,181.0,5879.0,148.0,6091.0,33.0,0.6277878737815934,-30214.0,6122.428571428572
2024-11-21,109.0,214.0,173.0,5850.0,210.0,6064.0,-37.0,-0.44327696601543787,-30251.0,6101.571428571428
2024-11-24,191.0,283.0,192.0,5664.0,207.0,5947.0,-15.0,-1.9294195250659674,-30266.0,6063.857142857143
2024-11-25,170.0,297.0,196.0,5715.0,129.0,6012.0,67.0,1.0929880612073228,-30199.0,6030.714285714285
2024-11-26,152.0,272.0,214.0,5826.0,112.0,6098.0,102.0,1.4304723885562254,-30097.0,6041.0
2024-11-27,239.0,367.0,224.0,5862.0,211.0,6229.0,13.0,2.1482453263365064,-30084.0,6070.571428571428
2024-11-28,113.0,280.0,237.0,5963.0,143.0,6243.0,94.0,0.224755177396041,-29990.0,6097.714285714285
2024-12-01,196.0,306.0,187.0,5986.0,149.0,6292.0,38.0,0.7848790645522907,-29952.0,6126.428571428572
2024-12-02,236.0,330.0,222.0,6061.0,115.0,6391.0,107.0,1.573426573426584,-29845.0,6173.142857142857
2024-12-03,81.0,230.0,242.0,6192.0,107.0,6422.0,135.0,0.48505711156312525,-29710.0,6241.0
2024-12-04,118.0,245.0,160.0,6269.0,115.0,6514.0,45.0,1.4325755216443525,-29665.0,6312.714285714285
2024-12-05,218.0,283.0,208.0,6310.0,150.0,6593.0,58.0,1.2127724900214965,-29607.0,6383.428571428572
2024-12-08,132.0,243.0,183.0,6286.0,172.0,6529.0,11.0,-0.9707265281359012,-29596.0,6426.285714285715
2024-12-09,224.0,315.0,152.0,6268.0,174.0,6583.0,-22.0,0.8270791851738402,-29618.0,6474.857142857143
2024-12-10,167.0,326.0,213.0,6310.0,149.0,6636.0,64.0,0.8051040559015732,-29554.0,6524.0
2024-12-11,209.0,353.0,232.0,6402.0,152.0,6755.0,80.0,1.793248945147674,-29474.0,6576.0
2024-12-12,153.0,253.0,286.0,6481.0,194.0,6734.0,92.0,-0.31088082901554737,-29382.0,6620.571428571428
2024-12-15,180.0,337.0,219.0,6408.0,224.0,6745.0,-5.0,0.16335016335016217,-29387.0,6653.571428571428
2024-12-16,133.0,287.0,189.0,6454.0,149.0,6741.0,40.0,-0.05930318754633346,-29347.0,6674.714285714285
2024-12-17,187.0,310.0,247.0,6506.0,151.0,6816.0,96.0,1.1125945705384943,-29251.0,6715.714285714285
2024-12-18,168.0,285.0,210.0,6598.0,134.0,6883.0,76.0,0.9829812206572752,-29175.0,6758.571428571428
2024-12-19,269.0,412.0,204.0,6600.0,238.0,7012.0,-34.0,1.8741827691413526,-29209.0,6812.285714285715
2024-12-22,100.0,255.0,236.0,6595.0,268.0,6850.0,-32.0,-2.310325156873927,-29241.0,6825.857142857143
2024-12-23,205.0,294.0,177.0,6548.0,231.0,6842.0,-54.0,-0.11678832116788218,-29295.0,6841.285714285715
2024-12-24,161.0,304.0,211.0,6622.0,155.0,6926.0,56.0,1.2277111955568465,-29239.0,6867.142857142857
2024-12-25,57.0,162.0,193.0,6689.0,107.0,6851.0,86.0,-1.082876118971987,-29153.0,6882.857142857143
2024-12-26,80.0,122.0,152.0,6707.0,135.0,6829.0,17.0,-0.3211210042329604,-29136.0,6884.714285714285
2024-12-29,107.0,170.0,133.0,6465.0,216.0,6635.0,-83.0,-2.8408258895885163,-29219.0,6849.285714285715
2024-12-30,99.0,156.0,139.0,6454.0,177.0,6610.0,-38.0,-0.37678975131876236,-29257.0,6791.857142857143
2025-01-01,25.0,66.0,94.0,6405.0,144.0,6471.0,-50.0,-2.1028744326777593,-29307.0,6737.714285714285
2025-01-02,35.0,70.0,53.0,6292.0,170.0,6362.0,-117.0,-1.6844382630196275,-29424.0,6669.142857142857
2025-01-05,43.0,73.0,64.0,5882.0,185.0,5955.0,-121.0,-6.397359320968254,-29545.0,6530.428571428572
2025-01-06,41.0,60.0,71.0,5769.0,190.0,5829.0,-119.0,-2.1158690176322437,-29664.0,6384.428571428572
2025-01-07,65.0,83.0,65.0,5703.0,133.0,5786.0,-68.0,-0.7376908560645101,-29732.0,6235.428571428572
2025-01-08,38.0,80.0,82.0,5605.0,184.0,5685.0,-102.0,-1.7455928102315887,-29834.0,6099.714285714285
2025-01-09,56.0,82.0,68.0,5507.0,164.0,5589.0,-96.0,-1.6886543535620024,-29930.0,5953.857142857143
2025-01-12,74.0,103.0,80.0,5092.0,235.0,5195.0,-155.0,-7.049561638933621,-30085.0,5771.571428571428
2025-01-13,68.0,107.0,102.0,5019.0,181.0,5126.0,-79.0,-1.3282001924927789,-30164.0,5595.0
2025-01-14,92.0,124.0,93.0,4957.0,139.0,5081.0,-46.0,-0.877877487319545,-30210.0,5470.142857142857
2025-01-15,113.0,162.0,107.0,4903.0,164.0,5065.0,-57.0,-0.3148986419996058,-30267.0,5361.0
2025-01-16,106.0,196.0,131.0,4881.0,159.0,5077.0,-28.0,0.23692003948667661,-30295.0,5259.714285714285
2025-01-19,86.0,152.0,168.0,4628.0,176.0,4780.0,-8.0,-5.849911364979321,-30303.0,5130.428571428572
2025-01-20,84.0,118.0,136.0,4638.0,127.0,4756.0,9.0,-0.5020920502092019,-30294.0,5011.428571428572
2025-01-21,59.0,64.0,117.0,4728.0,54.0,4792.0,63.0,0.7569386038688064,-30231.0,4953.857142857143
2025-01-22,62.0,97.0,52.0,4717.0,83.0,4814.0,-31.0,0.45909849749583564,-30262.0,4909.285714285715
2025-01-23,91.0,75.0,97.0,4621.0,174.0,4696.0,-77.0,-2.451184046530952,-30339.0,4854.285714285715
2025-01-26,29.0,51.0,11.0,4241.0,182.0,4292.0,-171.0,-8.603066439523,-30510.0,4743.857142857143
2025-01-27,33.0,53.0,34.0,4161.0,127.0,4214.0,-93.0,-1.817334575955265,-30603.0,4620.571428571428
2025-01-28,32.0,49.0,39.0,4096.0,101.0,4145.0,-62.0,-1.6373991457047987,-30665.0,4529.857142857143
2025-01-29,32.0,50.0,39.0,4036.0,99.0,4086.0,-60.0,-1.423401688781667,-30725.0,4434.142857142857
2025-01-30,47.0,42.0,47.0,3923.0,159.0,3965.0,-112.0,-2.961331375428289,-30837.0,4316.0
2025-02-02,20.0,22.0,41.0,3483.0,168.0,3505.0,-127.0,-11.601513240857509,-30964.0,4129.0
2025-02-03,23.0,45.0,11.0,3403.0,102.0,3448.0,-91.0,-1.6262482168330927,-31055.0,3950.714285714286
2025-02-04,34.0,54.0,29.0,3359.0,74.0,3413.0,-45.0,-1.0150812064965153,-31100.0,3825.1428571428573
2025-02-05,26.0,36.0,36.0,3290.0,104.0,3326.0,-68.0,-2.5490770583064704,-31168.0,3698.285714285714
2025-02-06,25.0,32.0,27.0,3181.0,145.0,3213.0,-118.0,-3.397474443776305,-31286.0,3565.1428571428573
2025-02-09,15.0,13.0,23.0,2878.0,99.0,2891.0,-76.0,-10.02178649237473,-31362.0,3394.4285714285716
2025-02-10,16.0,18.0,15.0,2834.0,63.0,2852.0,-48.0,-1.3490141819439638,-31410.0,3235.4285714285716
2025-02-11,11.0,22.0,12.0,2799.0,50.0,2821.0,-38.0,-1.0869565217391353,-31448.0,3137.714285714286
2025-02-12,16.0,20.0,20.0,2752.0,66.0,2772.0,-46.0,-1.7369727047146455,-31494.0,3041.1428571428573
2025-02-13,15.0,10.0,23.0,2703.0,72.0,2713.0,-49.0,-2.128427128427124,-31543.0,2941.1428571428573
2025-02-17,8.0,17.0,14.0,2532.0,15.0,2549.0,-1.0,-6.044968669369699,-31544.0,2830.1428571428573
2025-02-18,18.0,19.0,11.0,2536.0,9.0,2555.0,2.0,0.23538642604943316,-31542.0,2736.1428571428573
2025-02-19,12.0,17.0,17.0,2528.0,19.0,2545.0,-2.0,-0.3913894324853229,-31544.0,2686.714285714286
2025-02-20,13.0,25.0,15.0,2520.0,32.0,2545.0,-17.0,0.0,-31561.0,2642.8571428571427
2025-02-23,7.0,16.0,8.0,2423.0,35.0,2439.0,-27.0,-4.165029469548132,-31588.0,2588.285714285714
2025-02-24,20.0,22.0,14.0,2413.0,24.0,2435.0,-10.0,-0.16400164001639794,-31598.0,2540.1428571428573
2025-02-25,11.0,7.0,7.0,2413.0,23.0,2420.0,-16.0,-0.6160164271047264,-31614.0,2498.285714285714
2025-02-26,12.0,21.0,1.0,2411.0,23.0,2432.0,-22.0,0.49586776859504855,-31636.0,2481.5714285714284
2025-02-27,10.0,15.0,17.0,2391.0,37.0,2406.0,-20.0,-1.0690789473684181,-31656.0,2460.285714285714
2025-03-02,12.0,24.0,4.0,2297.0,31.0,2321.0,-27.0,-3.5328345802161265,-31683.0,2428.285714285714
2025-03-03,8.0,29.0,18.0,2287.0,25.0,2316.0,-7.0,-0.21542438604049696,-31690.0,2395.5714285714284
2025-03-04,4.0,25.0,10.0,2272.0,30.0,2297.0,-20.0,-0.8203799654576849,-31710.0,2375.285714285714
2025-03-05,5.0,20.0,4.0,2238.0,40.0,2258.0,-36.0,-1.6978667827601268,-31746.0,2350.0
2025-03-06,7.0,27.0,6.0,2218.0,33.0,2245.0,-27.0,-0.5757307351638596,-31773.0,2325.0
2025-03-09,12.0,25.0,15.0,2137.0,30.0,2162.0,-15.0,-3.697104677060137,-31788.0,2286.4285714285716
2025-03-10,6.0,28.0,8.0,2125.0,23.0,2153.0,-15.0,-0.4162812210915856,-31803.0,2250.285714285714
2025-03-11,3.0,11.0,7.0,2116.0,20.0,2127.0,-13.0,-1.207617278216444,-31816.0,2222.5714285714284
2025-03-12,6.0,18.0,2.0,2113.0,8.0,2131.0,-6.0,0.18805829807240215,-31822.0,2196.1428571428573
2025-03-13,4.0,20.0,9.0,2116.0,6.0,2136.0,3.0,0.2346316283434957,-31819.0,2173.1428571428573
2025-03-16,1.0,9.0,8.0,2117.0,5.0,2126.0,3.0,-0.46816479400748623,-31816.0,2154.285714285714
2025-03-17,5.0,14.0,0.0,2111.0,8.0,2125.0,-8.0,-0.04703668861711918,-31824.0,2137.1428571428573
2025-03-18,19.0,34.0,6.0,2109.0,8.0,2143.0,-2.0,0.8470588235294008,-31826.0,2134.4285714285716
2025-03-19,6.0,22.0,14.0,2119.0,9.0,2141.0,5.0,-0.09332711152589823,-31821.0,2132.714285714286
2025-03-20,9.0,20.0,11.0,2124.0,7.0,2144.0,4.0,0.14012143858010973,-31817.0,2135.1428571428573
2025-03-23,15.0,29.0,9.0,2136.0,2.0,2165.0,7.0,0.9794776119403048,-31810.0,2140.0
2025-03-24,7.0,13.0,11.0,2139.0,7.0,2152.0,4.0,-0.6004618937644368,-31806.0,2142.285714285714
2025-03-25,12.0,19.0,7.0,2145.0,6.0,2164.0,1.0,0.5576208178438735,-31805.0,2147.714285714286
2025-03-26,9.0,21.0,15.0,2159.0,2.0,2180.0,13.0,0.7393715341959428,-31792.0,2155.5714285714284
2025-03-27,1.0,19.0,13.0,2159.0,2.0,2178.0,11.0,-0.09174311926605228,-31781.0,2160.5714285714284
2025-03-30,9.0,20.0,5.0,2188.0,2.0,2208.0,3.0,1.377410468319562,-31778.0,2170.1428571428573
2025-03-31,9.0,25.0,8.0,2193.0,5.0,2218.0,3.0,0.45289855072463414,-31775.0,2180.714285714286
2025-04-01,17.0,36.0,7.0,2191.0,12.0,2227.0,-5.0,0.4057709648331853,-31780.0,2189.5714285714284
2025-04-02,5.0,31.0,16.0,2208.0,3.0,2239.0,13.0,0.5388414907947947,-31767.0,2202.0
2025-04-03,12.0,26.0,18.0,2223.0,8.0,2249.0,10.0,0.44662795891021734,-31757.0,2214.1428571428573
2025-04-06,7.0,14.0,7.0,2234.0,11.0,2248.0,-4.0,-0.04446420631392112,-31761.0,2223.8571428571427
2025-04-07,12.0,22.0,9.0,2237.0,5.0,2259.0,4.0,0.48932384341637825,-31757.0,2235.4285714285716
2025-04-08,12.0,34.0,12.0,2243.0,9.0,2277.0,3.0,0.7968127490039834,-31754.0,2245.285714285714
2025-04-09,6.0,19.0,10.0,2251.0,5.0,2270.0,5.0,-0.30742204655248573,-31749.0,2252.714285714286
2025-04-10,18.0,25.0,17.0,2265.0,6.0,2290.0,11.0,0.8810572687224738,-31738.0,2261.714285714286
2025-04-11,8.0,22.0,8.0,2267.0,9.0,2289.0,-1.0,-0.04366812227074579,-31739.0,2268.8571428571427
2025-04-13,5.0,26.0,10.0,2283.0,3.0,2309.0,7.0,0.8737439930100566,-31732.0,2277.4285714285716
2025-04-14,5.0,26.0,9.0,2282.0,13.0,2308.0,-4.0,-0.04330879168471524,-31736.0,2286.0
2025-04-15,4.0,19.0,12.0,2286.0,7.0,2305.0,5.0,-0.12998266897746857,-31731.0,2292.5714285714284
2025-04-16,11.0,30.0,5.0,2291.0,8.0,2321.0,-3.0,0.694143167028205,-31734.0,2298.8571428571427
2025-04-17,7.0,26.0,10.0,2288.0,14.0,2314.0,-4.0,-0.30159414045669575,-31738.0,2305.1428571428573
2025-04-20,4.0,15.0,6.0,2305.0,4.0,2320.0,2.0,0.2592912705272177,-31736.0,2309.4285714285716
2025-04-21,10.0,25.0,5.0,2308.0,6.0,2333.0,-1.0,0.5603448275862011,-31737.0,2315.714285714286
2025-04-22,7.0,19.0,14.0,2305.0,17.0,2324.0,-3.0,-0.385769395627944,-31740.0,2317.8571428571427
2025-04-23,3.0,23.0,4.0,2300.0,11.0,2323.0,-7.0,-0.0430292598967319,-31747.0,2320.0
2025-04-24,3.0,9.0,7.0,2294.0,13.0,2303.0,-6.0,-0.860955660783469,-31753.0,2319.714285714286
2025-04-27,9.0,40.0,12.0,2301.0,4.0,2341.0,8.0,1.6500217108119886,-31745.0,2322.5714285714284
2025-04-28,6.0,26.0,12.0,2307.0,8.0,2333.0,4.0,-0.34173430158052076,-31741.0,2325.285714285714
2025-04-29,11.0,25.0,11.0,2304.0,15.0,2329.0,-4.0,-0.17145306472353683,-31745.0,2326.5714285714284
2025-04-30,7.0,34.0,9.0,2309.0,12.0,2343.0,-3.0,0.6011163589523472,-31748.0,2328.0
2025-05-01,13.0,32.0,14.0,2306.0,16.0,2338.0,-2.0,-0.21340162185232714,-31750.0,2330.0
2025-05-04,9.0,31.0,10.0,2335.0,5.0,2366.0,5.0,1.1976047904191711,-31745.0,2336.1428571428573
2025-05-05,15.0,44.0,20.0,2331.0,17.0,2375.0,3.0,0.3803888419273038,-31742.0,2346.4285714285716
2025-05-06,10.0,33.0,16.0,2339.0,16.0,2372.0,0.0,-0.1263157894736855,-31742.0,2350.8571428571427
2025-05-07,10.0,30.0,15.0,2335.0,10.0,2365.0,5.0,-0.295109612141653,-31737.0,2355.4285714285716
2025-05-08,15.0,24.0,16.0,2361.0,11.0,2385.0,5.0,0.8456659619450413,-31732.0,2363.4285714285716
2025-05-11,15.0,20.0,12.0,2385.0,3.0,2405.0,9.0,0.8385744234800763,-31723.0,2372.285714285714
2025-05-12,7.0,33.0,14.0,2392.0,7.0,2425.0,7.0,0.8316008316008316,-31716.0,2384.714285714286
2025-05-13,18.0,29.0,12.0,2394.0,11.0,2423.0,1.0,-0.08247422680411898,-31715.0,2392.8571428571427
2025-05-14,7.0,30.0,14.0,2394.0,11.0,2424.0,3.0,0.04127115146512761,-31712.0,2399.8571428571427
2025-05-15,15.0,31.0,14.0,2410.0,14.0,2441.0,0.0,0.7013201320132056,-31712.0,2409.714285714286
2025-05-18,13.0,28.0,14.0,2437.0,9.0,2465.0,5.0,0.9832036050798854,-31707.0,2424.0
2025-05-19,7.0,27.0,17.0,2457.0,6.0,2484.0,11.0,0.7707910750507141,-31696.0,2438.1428571428573
2025-05-21,14.0,62.0,13.0,2467.0,18.0,2529.0,-5.0,1.8115942028985588,-31701.0,2455.8571428571427
2025-05-22,18.0,36.0,17.0,2473.0,15.0,2509.0,2.0,-0.7908264136022192,-31699.0,2467.8571428571427
2025-05-27,6.0,24.0,7.0,2504.0,11.0,2528.0,-4.0,0.757273814268622,-31703.0,2482.8571428571427
2025-05-28,12.0,39.0,12.0,2499.0,14.0,2538.0,-2.0,0.39556962025315556,-31705.0,2499.1428571428573
2025-05-29,13.0,38.0,15.0,2506.0,11.0,2544.0,4.0,0.23640661938533203,-31701.0,2513.8571428571427
2025-06-01,8.0,24.0,16.0,2528.0,12.0,2552.0,4.0,0.3144654088050425,-31697.0,2526.285714285714
2025-06-02,10.0,19.0,5.0,2518.0,16.0,2537.0,-11.0,-0.5877742946708508,-31708.0,2533.8571428571427
2025-06-03,5.0,23.0,11.0,2519.0,15.0,2542.0,-4.0,0.19708316909736734,-31712.0,2535.714285714286
2025-06-04,4.0,16.0,9.0,2516.0,16.0,2532.0,-7.0,-0.3933910306844979,-31719.0,2539.0
2025-06-05,8.0,26.0,5.0,2503.0,21.0,2529.0,-16.0,-0.11848341232227888,-31735.0,2539.1428571428573
2025-06-08,10.0,16.0,15.0,2507.0,13.0,2523.0,2.0,-0.23724792408066353,-31733.0,2537.0
2025-06-09,8.0,21.0,14.0,2516.0,9.0,2537.0,5.0,0.5548949663099378,-31728.0,2536.0
2025-06-10,17.0,28.0,7.0,2511.0,12.0,2539.0,-5.0,0.07883326763893361,-31733.0,2534.1428571428573
2025-06-17,7.0,24.0,10.0,2523.0,14.0,2547.0,-4.0,0.3150846790074935,-31737.0,2535.5714285714284
2025-06-19,8.0,19.0,7.0,2501.0,18.0,2520.0,-11.0,-1.0600706713780883,-31748.0,2532.4285714285716
2025-06-22,7.0,13.0,5.0,2508.0,7.0,2521.0,-2.0,0.03968253968253954,-31750.0,2530.8571428571427
2025-06-23,3.0,15.0,5.0,2495.0,17.0,2510.0,-12.0,-0.4363347877826218,-31762.0,2528.1428571428573
2025-06-24,5.0,20.0,5.0,2489.0,16.0,2509.0,-11.0,-0.03984063745019473,-31773.0,2526.1428571428573
2025-06-25,6.0,12.0,2.0,2470.0,24.0,2482.0,-22.0,-1.0761259465922657,-31795.0,2518.285714285714
2025-06-26,3.0,9.0,7.0,2447.0,35.0,2456.0,-28.0,-1.0475423045930743,-31823.0,2506.4285714285716
2025-06-29,5.0,17.0,7.0,2413.0,20.0,2430.0,-13.0,-1.0586319218241047,-31836.0,2489.714285714286
2025-06-30,9.0,22.0,8.0,2407.0,16.0,2429.0,-8.0,-0.04115226337448874,-31844.0,2476.714285714286
2025-07-01,7.0,14.0,6.0,2391.0,22.0,2405.0,-16.0,-0.9880609304240395,-31860.0,2460.1428571428573
2025-07-02,8.0,20.0,9.0,2373.0,38.0,2393.0,-29.0,-0.498960498960499,-31889.0,2443.4285714285716
2025-07-06,4.0,17.0,2.0,2332.0,8.0,2349.0,-6.0,-1.8386961972419513,-31895.0,2420.5714285714284
2025-07-07,3.0,18.0,8.0,2317.0,20.0,2335.0,-12.0,-0.5959982971477262,-31907.0,2399.5714285714284
2025-07-08,5.0,16.0,8.0,2306.0,20.0,2322.0,-12.0,-0.5567451820128522,-31919.0,2380.4285714285716
2025-07-09,2.0,18.0,0.0,2281.0,32.0,2299.0,-32.0,-0.9905254091300608,-31951.0,2361.714285714286
2025-07-10,2.0,12.0,3.0,2252.0,39.0,2264.0,-36.0,-1.5224010439321423,-31987.0,2338.1428571428573
2025-07-13,1.0,13.0,4.0,2204.0,10.0,2217.0,-6.0,-2.075971731448767,-31993.0,2311.285714285714
2025-07-14,2.0,9.0,1.0,2181.0,26.0,2190.0,-25.0,-1.2178619756427644,-32018.0,2282.285714285714
2025-07-15,0.0,8.0,5.0,2171.0,17.0,2179.0,-12.0,-0.5022831050228271,-32030.0,2258.0
2025-07-16,1.0,9.0,0.0,2164.0,11.0,2173.0,-11.0,-0.275355667737498,-32041.0,2234.8571428571427
2025-07-17,3.0,16.0,2.0,2153.0,17.0,2169.0,-15.0,-0.18407731247124248,-32056.0,2213.0
2025-07-21,4.0,18.0,7.0,2121.0,16.0,2139.0,-9.0,-1.3831258644536604,-32065.0,2190.1428571428573
2025-07-22,5.0,13.0,3.0,2117.0,16.0,2130.0,-13.0,-0.42075736325385416,-32078.0,2171.0
2025-07-23,6.0,21.0,5.0,2111.0,14.0,2132.0,-9.0,0.09389671361501595,-32087.0,2158.8571428571427
2025-07-24,6.0,18.0,7.0,2096.0,29.0,2114.0,-22.0,-0.8442776735459678,-32109.0,2148.0
2025-07-27,1.0,12.0,2.0,2088.0,4.0,2100.0,-2.0,-0.6622516556291425,-32111.0,2136.714285714286
2025-07-28,2.0,9.0,3.0,2080.0,14.0,2089.0,-11.0,-0.5238095238095264,-32122.0,2124.714285714286
2025-07-29,2.0,8.0,3.0,2072.0,12.0,2080.0,-9.0,-0.43082814743896636,-32131.0,2112.0
2025-07-30,4.0,15.0,4.0,2063.0,16.0,2078.0,-12.0,-0.09615384615384581,-32143.0,2103.285714285714
2025-07-31,2.0,9.0,6.0,2058.0,15.0,2067.0,-9.0,-0.5293551491819093,-32152.0,2094.285714285714
2025-08-03,5.0,26.0,3.0,2049.0,5.0,2075.0,-2.0,0.38703434929849845,-32154.0,2086.1428571428573
2025-08-04,5.0,22.0,11.0,2040.0,14.0,2062.0,-3.0,-0.6265060240963849,-32157.0,2078.714285714286
2025-08-05,2.0,21.0,10.0,2042.0,14.0,2063.0,-4.0,0.04849660523762456,-32161.0,2073.4285714285716
2025-08-06,4.0,17.0,3.0,2036.0,13.0,2053.0,-10.0,-0.4847309743092554,-32171.0,2068.285714285714
2025-08-07,4.0,18.0,6.0,2031.0,17.0,2049.0,-11.0,-0.1948368241597609,-32182.0,2063.8571428571427
2025-08-10,0.0,18.0,8.0,2006.0,12.0,2024.0,-4.0,-1.2201073694485087,-32186.0,2056.1428571428573
2025-08-11,6.0,23.0,4.0,1999.0,16.0,2022.0,-12.0,-0.09881422924901129,-32198.0,2049.714285714286
2025-08-12,8.0,38.0,9.0,1999.0,9.0,2037.0,0.0,0.7418397626112849,-32198.0,2044.2857142857142
2025-08-13,6.0,22.0,12.0,1997.0,17.0,2019.0,-5.0,-0.8836524300441795,-32203.0,2038.142857142857
2025-08-14,3.0,27.0,4.0,1994.0,11.0,2021.0,-7.0,0.0990589400693409,-32210.0,2032.142857142857
2025-08-17,4.0,14.0,2.0,1991.0,3.0,2005.0,-1.0,-0.7916872835230127,-32211.0,2025.2857142857142
2025-08-18,4.0,20.0,6.0,1985.0,14.0,2005.0,-8.0,0.0,-32219.0,2019.0
2025-08-19,5.0,35.0,3.0,1980.0,11.0,2015.0,-8.0,0.4987531172069737,-32227.0,2017.7142857142858
2025-08-20,10.0,38.0,10.0,1983.0,10.0,2021.0,0.0,0.29776674937964653,-32227.0,2017.5714285714287
2025-08-21,6.0,49.0,8.0,1972.0,21.0,2021.0,-13.0,0.0,-32240.0,2015.2857142857142
2025-08-24,4.0,21.0,5.0,1981.0,5.0,2002.0,0.0,-0.9401286491835692,-32240.0,2012.857142857143
2025-08-25,8.0,30.0,8.0,1980.0,11.0,2010.0,-3.0,0.3996003996004083,-32243.0,2011.2857142857142
2025-08-26,10.0,21.0,20.0,1989.0,15.0,2010.0,5.0,0.0,-32238.0,2012.0
2025-08-27,5.0,19.0,9.0,1988.0,19.0,2007.0,-10.0,-0.14925373134327957,-32248.0,2012.2857142857142
2025-08-28,8.0,33.0,6.0,1984.0,17.0,2017.0,-11.0,0.49825610363727346,-32259.0,2012.5714285714287
2025-09-01,10.0,29.0,17.0,2010.0,5.0,2039.0,12.0,1.0907288051561714,-32247.0,2015.142857142857
2025-09-02,6.0,35.0,9.0,2020.0,9.0,2055.0,0.0,0.7846983815595898,-32247.0,2020.0
2025-09-03,4.0,29.0,11.0,2019.0,10.0,2048.0,1.0,-0.3406326034063212,-32246.0,2026.5714285714287
2025-09-04,11.0,40.0,2.0,2015.0,14.0,2055.0,-12.0,0.341796875,-32258.0,2033.0
2025-09-07,4.0,19.0,9.0,2026.0,7.0,2045.0,2.0,-0.48661800486617945,-32256.0,2038.0
2025-09-08,7.0,25.0,5.0,2025.0,6.0,2050.0,-1.0,0.24449877750611915,-32257.0,2044.142857142857
2025-09-09,18.0,42.0,11.0,2023.0,14.0,2065.0,-3.0,0.7317073170731714,-32260.0,2051.0
2025-09-10,10.0,47.0,14.0,2025.0,18.0,2072.0,-4.0,0.3389830508474523,-32264.0,2055.714285714286
2025-09-11,12.0,38.0,29.0,2047.0,6.0,2085.0,23.0,0.6274131274131234,-32241.0,2060.0
2025-09-14,7.0,39.0,13.0,2083.0,5.0,2122.0,8.0,1.7745803357314127,-32233.0,2070.5714285714284
2025-09-15,9.0,47.0,10.0,2086.0,10.0,2133.0,0.0,0.5183788878416529,-32233.0,2081.714285714286
2025-09-16,7.0,28.0,17.0,2095.0,12.0,2123.0,5.0,-0.46882325363337696,-32228.0,2092.8571428571427
2025-09-17,7.0,38.0,5.0,2096.0,13.0,2134.0,-8.0,0.5181347150259086,-32236.0,2104.8571428571427
2025-09-18,20.0,52.0,11.0,2096.0,14.0,2148.0,-3.0,0.6560449859418949,-32239.0,2116.714285714286
2025-09-21,8.0,35.0,13.0,2134.0,5.0,2169.0,8.0,0.9776536312849249,-32231.0,2130.5714285714284
2025-09-22,17.0,40.0,14.0,2141.0,10.0,2181.0,4.0,0.5532503457814641,-32227.0,2144.285714285714
2025-09-23,11.0,36.0,10.0,2145.0,15.0,2181.0,-5.0,0.0,-32232.0,2152.714285714286
2025-09-24,3.0,38.0,12.0,2138.0,17.0,2176.0,-5.0,-0.22925263640531934,-32237.0,2158.8571428571427
2025-09-25,6.0,35.0,12.0,2132.0,18.0,2167.0,-6.0,-0.4136029411764719,-32243.0,2165.1428571428573
2025-09-28,11.0,29.0,12.0,2146.0,9.0,2175.0,3.0,0.369173973234882,-32240.0,2171.0
2025-09-29,8.0,35.0,12.0,2148.0,13.0,2183.0,-1.0,0.36781609195402076,-32241.0,2176.0
2025-09-30,8.0,32.0,12.0,2159.0,7.0,2191.0,5.0,0.3664681630783262,-32236.0,2179.1428571428573
2025-10-01,4.0,33.0,12.0,2163.0,14.0,2196.0,-2.0,0.22820629849384932,-32238.0,2181.285714285714
2025-10-02,20.0,51.0,15.0,2164.0,16.0,2215.0,-1.0,0.8652094717668479,-32239.0,2186.1428571428573
2025-10-05,8.0,28.0,13.0,2180.0,16.0,2208.0,-3.0,-0.31602708803611934,-32242.0,2190.714285714286
2025-10-06,5.0,33.0,15.0,2187.0,10.0,2220.0,5.0,0.5434782608695565,-32237.0,2198.285714285714
2025-10-07,11.0,45.0,4.0,2189.0,10.0,2234.0,-6.0,0.6306306306306242,-32243.0,2206.714285714286
2025-10-08,8.0,49.0,15.0,2192.0,17.0,2241.0,-2.0,0.3133393017009878,-32245.0,2215.0
2025-10-09,11.0,55.0,13.0,2192.0,12.0,2247.0,1.0,0.2677376171352108,-32244.0,2223.0
2025-10-13,8.0,24.0,7.0,2223.0,6.0,2247.0,1.0,0.0,-32243.0,2230.285714285714
2025-10-14,7.0,30.0,16.0,2235.0,8.0,2265.0,8.0,0.8010680907877266,-32235.0,2237.4285714285716
2025-10-15,8.0,29.0,10.0,2225.0,15.0,2254.0,-5.0,-0.4856512141280356,-32240.0,2244.0
2025-10-16,9.0,33.0,15.0,2233.0,9.0,2266.0,6.0,0.5323868677906018,-32234.0,2250.5714285714284
2025-10-19,9.0,34.0,17.0,2237.0,7.0,2271.0,10.0,0.22065313327448433,-32224.0,2255.8571428571427
2025-10-20,10.0,39.0,6.0,2243.0,7.0,2282.0,-1.0,0.484368119771017,-32225.0,2261.714285714286
2025-10-21,13.0,39.0,17.0,2251.0,9.0,2290.0,8.0,0.35056967572304476,-32217.0,2267.8571428571427
2025-10-22,12.0,42.0,13.0,2261.0,12.0,2303.0,1.0,0.5676855895196509,-32216.0,2275.8571428571427
2025-10-23,4.0,27.0,26.0,2266.0,18.0,2293.0,8.0,-0.43421623968736833,-32208.0,2279.8571428571427
2025-10-26,4.0,35.0,12.0,2276.0,10.0,2311.0,2.0,0.7849978194504947,-32206.0,2288.0
2025-10-27,2.0,31.0,8.0,2282.0,11.0,2313.0,-3.0,0.08654262224145892,-32209.0,2294.714285714286
2025-10-28,6.0,22.0,11.0,2286.0,6.0,2308.0,5.0,-0.2161694768698652,-32204.0,2300.0
2025-10-29,6.0,25.0,4.0,2280.0,17.0,2305.0,-13.0,-0.12998266897746857,-32217.0,2303.285714285714
2025-10-30,3.0,17.0,14.0,2287.0,12.0,2304.0,2.0,-0.04338394793925726,-32215.0,2305.285714285714
2025-11-02,5.0,21.0,10.0,2277.0,7.0,2298.0,3.0,-0.26041666666666297,-32212.0,2304.5714285714284
2025-11-03,3.0,28.0,5.0,2269.0,12.0,2297.0,-7.0,-0.04351610095735259,-32219.0,2305.1428571428573
2025-11-04,6.0,33.0,6.0,2270.0,8.0,2303.0,-2.0,0.2612102742707956,-32221.0,2304.0
2025-11-05,8.0,41.0,8.0,2272.0,7.0,2313.0,1.0,0.43421623968735723,-32220.0,2304.0
2025-11-06,6.0,33.0,9.0,2264.0,19.0,2297.0,-10.0,-0.6917423259835687,-32230.0,2302.4285714285716
2025-11-09,11.0,33.0,5.0,2294.0,4.0,2327.0,1.0,1.3060513713539335,-32229.0,2305.5714285714284
2025-11-11,11.0,39.0,12.0,2294.0,14.0,2333.0,-2.0,0.25784271594326835,-32231.0,2309.714285714286
2025-11-12,14.0,48.0,20.0,2302.0,7.0,2350.0,13.0,0.7286755250750065,-32218.0,2317.1428571428573
2025-11-13,6.0,26.0,16.0,2317.0,5.0,2343.0,11.0,-0.29787234042553123,-32207.0,2323.714285714286
2025-11-16,5.0,22.0,3.0,2340.0,5.0,2362.0,-2.0,0.8109261630388387,-32209.0,2332.1428571428573
2025-11-17,1.0,35.0,6.0,2343.0,8.0,2378.0,-2.0,0.6773920406435208,-32211.0,2341.4285714285716
2025-11-18,2.0,38.0,8.0,2345.0,12.0,2383.0,-4.0,0.2102607232968845,-32215.0,2353.714285714286
2025-11-19,7.0,32.0,3.0,2340.0,10.0,2372.0,-7.0,-0.46160302140159093,-32222.0,2360.1428571428573
2025-11-20,18.0,57.0,8.0,2340.0,9.0,2397.0,-1.0,1.0539629005059004,-32223.0,2369.285714285714
2025-11-23,3.0,46.0,22.0,2375.0,1.0,2421.0,21.0,1.001251564455563,-32202.0,2379.4285714285716
2025-11-24,9.0,40.0,9.0,2371.0,13.0,2411.0,-4.0,-0.41305245766212195,-32206.0,2389.1428571428573
2025-11-25,6.0,47.0,14.0,2375.0,11.0,2422.0,3.0,0.45624222314393226,-32203.0,2397.714285714286
2025-11-27,4.0,24.0,8.0,2389.0,7.0,2413.0,1.0,-0.37159372419488523,-32202.0,2402.714285714286
2025-11-30,4.0,18.0,10.0,2415.0,0.0,2433.0,10.0,0.8288437629506928,-32192.0,2409.8571428571427
2025-12-01,4.0,26.0,4.0,2410.0,9.0,2436.0,-5.0,0.12330456226881115,-32197.0,2419.0
2025-12-02,7.0,34.0,6.0,2407.0,8.0,2441.0,-2.0,0.20525451559934016,-32199.0,2425.285714285714
2025-12-03,4.0,32.0,8.0,2419.0,7.0,2451.0,1.0,0.4096681687832948,-32198.0,2429.5714285714284
2025-12-04,16.0,39.0,7.0,2418.0,13.0,2457.0,-6.0,0.244798041615657,-32204.0,2436.1428571428573
2025-12-07,4.0,24.0,13.0,2429.0,12.0,2453.0,1.0,-0.16280016280015852,-32203.0,2440.5714285714284
2025-12-08,9.0,27.0,9.0,2440.0,4.0,2467.0,5.0,0.570729718711771,-32198.0,2448.285714285714
2025-12-09,4.0,30.0,7.0,2443.0,8.0,2473.0,-1.0,0.2432103769760774,-32199.0,2454.0
2025-12-10,10.0,54.0,5.0,2439.0,9.0,2493.0,-4.0,0.8087343307723316,-32203.0,2462.1428571428573
2025-12-11,7.0,47.0,9.0,2437.0,10.0,2484.0,-1.0,-0.3610108303249149,-32204.0,2468.285714285714
2025-12-14,8.0,35.0,4.0,2462.0,8.0,2497.0,-4.0,0.523349436392917,-32208.0,2474.8571428571427
2025-12-15,11.0,42.0,9.0,2470.0,7.0,2512.0,2.0,0.6007208650380402,-32206.0,2482.714285714286
2025-12-16,8.0,54.0,15.0,2468.0,9.0,2522.0,6.0,0.398089171974525,-32200.0,2492.5714285714284
2025-12-17,7.0,31.0,11.0,2481.0,10.0,2512.0,1.0,-0.3965107057890549,-32199.0,2499.0
2025-12-18,11.0,50.0,6.0,2472.0,16.0,2522.0,-10.0,0.398089171974525,-32209.0,2506.0
2025-12-21,6.0,18.0,11.0,2484.0,14.0,2502.0,-3.0,-0.7930214115781098,-32212.0,2507.285714285714
